song_id,song_url,song_title,artist_id,artist_url,artist_title
3530822107858739848,http://songmeanings.com/songs/view/3530822107858739848/,Do You Wanna Get Funky?,137438970697,http://songmeanings.com/artist/view/songs/137438970697/,C & C Music Factory
3530822107858605618,http://songmeanings.com/songs/view/3530822107858605618/,Gonna Make You Sweat (Everybody Dance Now),137438970697,http://songmeanings.com/artist/view/songs/137438970697/,C & C Music Factory
3530822107858661362,http://songmeanings.com/songs/view/3530822107858661362/,Things That Make You Go Hmm,137438970697,http://songmeanings.com/artist/view/songs/137438970697/,C & C Music Factory
3530822107859352918,http://songmeanings.com/songs/view/3530822107859352918/,How Deep Is the Ocean,137439031589,http://songmeanings.com/artist/view/songs/137439031589/,C Bergonzi
3530822107859352919,http://songmeanings.com/songs/view/3530822107859352919/,Isn't This a Lovely Day?,137439031589,http://songmeanings.com/artist/view/songs/137439031589/,C Bergonzi
3530822107859352921,http://songmeanings.com/songs/view/3530822107859352921/,Isn't This a Lovely Day?,137439031589,http://songmeanings.com/artist/view/songs/137439031589/,C Bergonzi
3530822107859352920,http://songmeanings.com/songs/view/3530822107859352920/,Play a Simple Melody,137439031589,http://songmeanings.com/artist/view/songs/137439031589/,C Bergonzi
3530822107859246153,http://songmeanings.com/songs/view/3530822107859246153/,Roll with It,137439013793,http://songmeanings.com/artist/view/songs/137439013793/,C C Bronson
3530822107858745427,http://songmeanings.com/songs/view/3530822107858745427/,Battle Hymn Of Lt Calley,137438972208,http://songmeanings.com/artist/view/songs/137438972208/,C Company Featuring Terry Nelson
3530822107858715565,http://songmeanings.com/songs/view/3530822107858715565/,,137438983004,http://songmeanings.com/artist/view/songs/137438983004/,The C Monsters
3530822107858715567,http://songmeanings.com/songs/view/3530822107858715567/,,137438983004,http://songmeanings.com/artist/view/songs/137438983004/,The C Monsters
3530822107858715679,http://songmeanings.com/songs/view/3530822107858715679/,,137438983004,http://songmeanings.com/artist/view/songs/137438983004/,The C Monsters
3530822107858715680,http://songmeanings.com/songs/view/3530822107858715680/,,137438983004,http://songmeanings.com/artist/view/songs/137438983004/,The C Monsters
3530822107858715681,http://songmeanings.com/songs/view/3530822107858715681/,,137438983004,http://songmeanings.com/artist/view/songs/137438983004/,The C Monsters
3530822107858715682,http://songmeanings.com/songs/view/3530822107858715682/,,137438983004,http://songmeanings.com/artist/view/songs/137438983004/,The C Monsters
3530822107858715683,http://songmeanings.com/songs/view/3530822107858715683/,,137438983004,http://songmeanings.com/artist/view/songs/137438983004/,The C Monsters
3530822107858715684,http://songmeanings.com/songs/view/3530822107858715684/,,137438983004,http://songmeanings.com/artist/view/songs/137438983004/,The C Monsters
3530822107858715685,http://songmeanings.com/songs/view/3530822107858715685/,,137438983004,http://songmeanings.com/artist/view/songs/137438983004/,The C Monsters
3530822107858892922,http://songmeanings.com/songs/view/3530822107858892922/,(If There Was) Any Other Way,675,http://songmeanings.com/artist/view/songs/675/,Céline Dion
3530822107859003886,http://songmeanings.com/songs/view/3530822107859003886/,(You Make Me Feel Like) A Natural Woman,675,http://songmeanings.com/artist/view/songs/675/,Céline Dion
3530822107859306061,http://songmeanings.com/songs/view/3530822107859306061/,A Cause,675,http://songmeanings.com/artist/view/songs/675/,Céline Dion
80801,http://songmeanings.com/songs/view/80801/,A New Day Has Come,675,http://songmeanings.com/artist/view/songs/675/,Céline Dion
45943,http://songmeanings.com/songs/view/45943/,À Quatre Pas D'ici,675,http://songmeanings.com/artist/view/songs/675/,Céline Dion
3530822107858702930,http://songmeanings.com/songs/view/3530822107858702930/,A Song For You,675,http://songmeanings.com/artist/view/songs/675/,Céline Dion
3530822107858702934,http://songmeanings.com/songs/view/3530822107858702934/,A World To Believe In,675,http://songmeanings.com/artist/view/songs/675/,Céline Dion
3530822107859105898,http://songmeanings.com/songs/view/3530822107859105898/,Adeste Fideles (O Come All Ye Faithful),675,http://songmeanings.com/artist/view/songs/675/,Céline Dion
3530822107859214735,http://songmeanings.com/songs/view/3530822107859214735/,Ain't Gonna Look the Other Way,675,http://songmeanings.com/artist/view/songs/675/,Céline Dion
3530822107859481075,http://songmeanings.com/songs/view/3530822107859481075/,All Because of You,675,http://songmeanings.com/artist/view/songs/675/,Céline Dion
65147,http://songmeanings.com/songs/view/65147/,All By Myself,675,http://songmeanings.com/artist/view/songs/675/,Céline Dion
3530822107859418193,http://songmeanings.com/songs/view/3530822107859418193/,All the Way,675,http://songmeanings.com/artist/view/songs/675/,Céline Dion
3530822107858702935,http://songmeanings.com/songs/view/3530822107858702935/,Alone,675,http://songmeanings.com/artist/view/songs/675/,Céline Dion
3530822107859481126,http://songmeanings.com/songs/view/3530822107859481126/,Always Be Your Girl,675,http://songmeanings.com/artist/view/songs/675/,Céline Dion
3530822107859011755,http://songmeanings.com/songs/view/3530822107859011755/,Amar Haciendo el Amor,675,http://songmeanings.com/artist/view/songs/675/,Céline Dion
3530822107859376250,http://songmeanings.com/songs/view/3530822107859376250/,Amour Pour Moi,675,http://songmeanings.com/artist/view/songs/675/,Céline Dion
3530822107858523673,http://songmeanings.com/songs/view/3530822107858523673/,Angel,675,http://songmeanings.com/artist/view/songs/675/,Céline Dion
65148,http://songmeanings.com/songs/view/65148/,Another Year Has Gone By,675,http://songmeanings.com/artist/view/songs/675/,Céline Dion
3530822107859198316,http://songmeanings.com/songs/view/3530822107859198316/,Apprends-Moi,675,http://songmeanings.com/artist/view/songs/675/,Céline Dion
130026,http://songmeanings.com/songs/view/130026/,At Last (Etta James cover),675,http://songmeanings.com/artist/view/songs/675/,Céline Dion
3530822107859481125,http://songmeanings.com/songs/view/3530822107859481125/,At Seventeen,675,http://songmeanings.com/artist/view/songs/675/,Céline Dion
45944,http://songmeanings.com/songs/view/45944/,Au Secour,675,http://songmeanings.com/artist/view/songs/675/,Céline Dion
3530822107859144262,http://songmeanings.com/songs/view/3530822107859144262/,Aun Existe Amor,675,http://songmeanings.com/artist/view/songs/675/,Céline Dion
45945,http://songmeanings.com/songs/view/45945/,Autour De Moi,675,http://songmeanings.com/artist/view/songs/675/,Céline Dion
3530822107859020110,http://songmeanings.com/songs/view/3530822107859020110/,Ave Maria,675,http://songmeanings.com/artist/view/songs/675/,Céline Dion
45946,http://songmeanings.com/songs/view/45946/,Avec Toi,675,http://songmeanings.com/artist/view/songs/675/,Céline Dion
3530822107859224308,http://songmeanings.com/songs/view/3530822107859224308/,Baby Close Your Eyes,675,http://songmeanings.com/artist/view/songs/675/,Céline Dion
3530822107859094091,http://songmeanings.com/songs/view/3530822107859094091/,Be the Man (On This Night),675,http://songmeanings.com/artist/view/songs/675/,Céline Dion
3530822107859224311,http://songmeanings.com/songs/view/3530822107859224311/,Beautiful Boy,675,http://songmeanings.com/artist/view/songs/675/,Céline Dion
65149,http://songmeanings.com/songs/view/65149/,Beauty And The Beast,675,http://songmeanings.com/artist/view/songs/675/,Céline Dion
46700,http://songmeanings.com/songs/view/46700/,Because You Loved Me,675,http://songmeanings.com/artist/view/songs/675/,Céline Dion
45947,http://songmeanings.com/songs/view/45947/,Benjamin,675,http://songmeanings.com/artist/view/songs/675/,Céline Dion
3530822107859306071,http://songmeanings.com/songs/view/3530822107859306071/,Berceuse,675,http://songmeanings.com/artist/view/songs/675/,Céline Dion
3530822107859199194,http://songmeanings.com/songs/view/3530822107859199194/,"Bewitched, Bothered and Bewildered",675,http://songmeanings.com/artist/view/songs/675/,Céline Dion
45948,http://songmeanings.com/songs/view/45948/,Billy,675,http://songmeanings.com/artist/view/songs/675/,Céline Dion
3530822107859020108,http://songmeanings.com/songs/view/3530822107859020108/,Blue Christmas,675,http://songmeanings.com/artist/view/songs/675/,Céline Dion
3530822107858963118,http://songmeanings.com/songs/view/3530822107858963118/,Brahms' Lullaby,675,http://songmeanings.com/artist/view/songs/675/,Céline Dion
3530822107859481119,http://songmeanings.com/songs/view/3530822107859481119/,Breakaway,675,http://songmeanings.com/artist/view/songs/675/,Céline Dion
45949,http://songmeanings.com/songs/view/45949/,C'est Pour Toi,675,http://songmeanings.com/artist/view/songs/675/,Céline Dion
45951,http://songmeanings.com/songs/view/45951/,C'est Pour Vivre,675,http://songmeanings.com/artist/view/songs/675/,Céline Dion
65152,http://songmeanings.com/songs/view/65152/,Call The Man,675,http://songmeanings.com/artist/view/songs/675/,Céline Dion
65151,http://songmeanings.com/songs/view/65151/,Calling You,675,http://songmeanings.com/artist/view/songs/675/,Céline Dion
3530822107858702944,http://songmeanings.com/songs/view/3530822107858702944/,Can't Fight The Feelin',675,http://songmeanings.com/artist/view/songs/675/,Céline Dion
65153,http://songmeanings.com/songs/view/65153/,"Can't Live With You, Can't Live Without You",675,http://songmeanings.com/artist/view/songs/675/,Céline Dion
45950,http://songmeanings.com/songs/view/45950/,Ce N'était Qu'un Rêve,675,http://songmeanings.com/artist/view/songs/675/,Céline Dion
3530822107859392483,http://songmeanings.com/songs/view/3530822107859392483/,Ce Soir On Danse Ã  Naziland,675,http://songmeanings.com/artist/view/songs/675/,Céline Dion
45952,http://songmeanings.com/songs/view/45952/,Cherche Encore,675,http://songmeanings.com/artist/view/songs/675/,Céline Dion
65154,http://songmeanings.com/songs/view/65154/,Christmas Eve,675,http://songmeanings.com/artist/view/songs/675/,Céline Dion
45953,http://songmeanings.com/songs/view/45953/,Comme Un Coeur Froid,675,http://songmeanings.com/artist/view/songs/675/,Céline Dion
45954,http://songmeanings.com/songs/view/45954/,Comment T'aimer,675,http://songmeanings.com/artist/view/songs/675/,Céline Dion
3530822107859198323,http://songmeanings.com/songs/view/3530822107859198323/,Contre Nature,675,http://songmeanings.com/artist/view/songs/675/,Céline Dion
3530822107859177532,http://songmeanings.com/songs/view/3530822107859177532/,Coulda Woulda Shoulda,675,http://songmeanings.com/artist/view/songs/675/,Céline Dion
65155,http://songmeanings.com/songs/view/65155/,Cry Just A Little,675,http://songmeanings.com/artist/view/songs/675/,Céline Dion
45955,http://songmeanings.com/songs/view/45955/,D'abord C'est Quoi L'amour ?,675,http://songmeanings.com/artist/view/songs/675/,Céline Dion
45956,http://songmeanings.com/songs/view/45956/,D'amour Ou D'amitié,675,http://songmeanings.com/artist/view/songs/675/,Céline Dion
3530822107859255998,http://songmeanings.com/songs/view/3530822107859255998/,Dance With My Father,675,http://songmeanings.com/artist/view/songs/675/,Céline Dion
45958,http://songmeanings.com/songs/view/45958/,Dans Un Autre Monde,675,http://songmeanings.com/artist/view/songs/675/,Céline Dion
46697,http://songmeanings.com/songs/view/46697/,Declaration Of Love,675,http://songmeanings.com/artist/view/songs/675/,Céline Dion
45959,http://songmeanings.com/songs/view/45959/,Délivre-moi,675,http://songmeanings.com/artist/view/songs/675/,Céline Dion
3530822107859375126,http://songmeanings.com/songs/view/3530822107859375126/,Derniers Seront Les Premiers,675,http://songmeanings.com/artist/view/songs/675/,Céline Dion
3530822107859198324,http://songmeanings.com/songs/view/3530822107859198324/,Des Milliers de Baisers,675,http://songmeanings.com/artist/view/songs/675/,Céline Dion
45960,http://songmeanings.com/songs/view/45960/,Des Mots Qui Sonnent,675,http://songmeanings.com/artist/view/songs/675/,Céline Dion
45961,http://songmeanings.com/songs/view/45961/,Destin,675,http://songmeanings.com/artist/view/songs/675/,Céline Dion
65156,http://songmeanings.com/songs/view/65156/,Did You Give Enough Love,675,http://songmeanings.com/artist/view/songs/675/,Céline Dion
3530822107859481121,http://songmeanings.com/songs/view/3530822107859481121/,Didn't Know Love,675,http://songmeanings.com/artist/view/songs/675/,Céline Dion
3530822107859020107,http://songmeanings.com/songs/view/3530822107859020107/,Don't Save It All for Christmas Day,675,http://songmeanings.com/artist/view/songs/675/,Céline Dion
65157,http://songmeanings.com/songs/view/65157/,Dreamin' Of You,675,http://songmeanings.com/artist/view/songs/675/,Céline Dion
45962,http://songmeanings.com/songs/view/45962/,Du Soleil Au Coeur,675,http://songmeanings.com/artist/view/songs/675/,Céline Dion
45963,http://songmeanings.com/songs/view/45963/,Ecoutez-moi,675,http://songmeanings.com/artist/view/songs/675/,Céline Dion
45964,http://songmeanings.com/songs/view/45964/,Elle,675,http://songmeanings.com/artist/view/songs/675/,Céline Dion
45965,http://songmeanings.com/songs/view/45965/,En Amour,675,http://songmeanings.com/artist/view/songs/675/,Céline Dion
45966,http://songmeanings.com/songs/view/45966/,En Attendant Ses Pas,675,http://songmeanings.com/artist/view/songs/675/,Céline Dion
3530822107858679821,http://songmeanings.com/songs/view/3530822107858679821/,Et je t'aime encore,675,http://songmeanings.com/artist/view/songs/675/,Céline Dion
45967,http://songmeanings.com/songs/view/45967/,Et Puis Un Jour,675,http://songmeanings.com/artist/view/songs/675/,Céline Dion
3530822107859306059,http://songmeanings.com/songs/view/3530822107859306059/,Et S'il N'en Restait Qu'une (Je Serais Celle-LÃ ),675,http://songmeanings.com/artist/view/songs/675/,Céline Dion
65158,http://songmeanings.com/songs/view/65158/,Everybody's Talkin' My Baby Down,675,http://songmeanings.com/artist/view/songs/675/,Céline Dion
3530822107858702949,http://songmeanings.com/songs/view/3530822107858702949/,Eyes On Me,675,http://songmeanings.com/artist/view/songs/675/,Céline Dion
3530822107858702952,http://songmeanings.com/songs/view/3530822107858702952/,Fade Away,675,http://songmeanings.com/artist/view/songs/675/,Céline Dion
45968,http://songmeanings.com/songs/view/45968/,Fais Ce Que Tu Voudras,675,http://songmeanings.com/artist/view/songs/675/,Céline Dion
3530822107858723784,http://songmeanings.com/songs/view/3530822107858723784/,Faith,675,http://songmeanings.com/artist/view/songs/675/,Céline Dion
46692,http://songmeanings.com/songs/view/46692/,Falling Into You,675,http://songmeanings.com/artist/view/songs/675/,Céline Dion
3530822107859020114,http://songmeanings.com/songs/view/3530822107859020114/,Feliz Navidad,675,http://songmeanings.com/artist/view/songs/675/,Céline Dion
3530822107859306065,http://songmeanings.com/songs/view/3530822107859306065/,Femme Comme Chacune,675,http://songmeanings.com/artist/view/songs/675/,Céline Dion
3530822107859387509,http://songmeanings.com/songs/view/3530822107859387509/,Fever,675,http://songmeanings.com/artist/view/songs/675/,Céline Dion
65159,http://songmeanings.com/songs/view/65159/,Fly,675,http://songmeanings.com/artist/view/songs/675/,Céline Dion
3530822107859177533,http://songmeanings.com/songs/view/3530822107859177533/,Forget Me Not,675,http://songmeanings.com/artist/view/songs/675/,Céline Dion
3530822107859131730,http://songmeanings.com/songs/view/3530822107859131730/,God Bless America,675,http://songmeanings.com/artist/view/songs/675/,Céline Dion
108083,http://songmeanings.com/songs/view/108083/,Goodbye's (the Saddest Word),675,http://songmeanings.com/artist/view/songs/675/,Céline Dion
45969,http://songmeanings.com/songs/view/45969/,Grand Maman,675,http://songmeanings.com/artist/view/songs/675/,Céline Dion
65160,http://songmeanings.com/songs/view/65160/,Halfway To Heaven,675,http://songmeanings.com/artist/view/songs/675/,Céline Dion
65161,http://songmeanings.com/songs/view/65161/,Happy To Meet You,675,http://songmeanings.com/artist/view/songs/675/,Céline Dion
3530822107858698718,http://songmeanings.com/songs/view/3530822107858698718/,Happy Xmas (War Is Over),675,http://songmeanings.com/artist/view/songs/675/,Céline Dion
65162,http://songmeanings.com/songs/view/65162/,Have A Heart,675,http://songmeanings.com/artist/view/songs/675/,Céline Dion
3458764513820544519,http://songmeanings.com/songs/view/3458764513820544519/,Have You Ever Been In Love,675,http://songmeanings.com/artist/view/songs/675/,Céline Dion
45970,http://songmeanings.com/songs/view/45970/,Hello Mister Sam,675,http://songmeanings.com/artist/view/songs/675/,Céline Dion
65163,http://songmeanings.com/songs/view/65163/,"Here, There And Everywhere",675,http://songmeanings.com/artist/view/songs/675/,Céline Dion
3530822107859481128,http://songmeanings.com/songs/view/3530822107859481128/,How Do You Keep the Music Playing?,675,http://songmeanings.com/artist/view/songs/675/,Céline Dion
3530822107859016628,http://songmeanings.com/songs/view/3530822107859016628/,Hymn to the Sea,675,http://songmeanings.com/artist/view/songs/675/,Céline Dion
45971,http://songmeanings.com/songs/view/45971/,Hymne À L'amitié,675,http://songmeanings.com/artist/view/songs/675/,Céline Dion
3530822107859265338,http://songmeanings.com/songs/view/3530822107859265338/,I Believe in You (Je Crois en Toi),675,http://songmeanings.com/artist/view/songs/675/,Céline Dion
3530822107859406583,http://songmeanings.com/songs/view/3530822107859406583/,I Can't Sleep Baby,675,http://songmeanings.com/artist/view/songs/675/,Céline Dion
3530822107858979419,http://songmeanings.com/songs/view/3530822107858979419/,I Don't Know,675,http://songmeanings.com/artist/view/songs/675/,Céline Dion
3530822107858702595,http://songmeanings.com/songs/view/3530822107858702595/,I Drove All Night,675,http://songmeanings.com/artist/view/songs/675/,Céline Dion
3530822107858892927,http://songmeanings.com/songs/view/3530822107858892927/,I Feel Too Much,675,http://songmeanings.com/artist/view/songs/675/,Céline Dion
3530822107858693389,http://songmeanings.com/songs/view/3530822107858693389/,I Got Nothin' Left,675,http://songmeanings.com/artist/view/songs/675/,Céline Dion
3458764513820553272,http://songmeanings.com/songs/view/3458764513820553272/,I Hate You Then I Love You,675,http://songmeanings.com/artist/view/songs/675/,Céline Dion
3530822107858689283,http://songmeanings.com/songs/view/3530822107858689283/,I Knew I Loved You,675,http://songmeanings.com/artist/view/songs/675/,Céline Dion
3530822107858723785,http://songmeanings.com/songs/view/3530822107858723785/,I Know What Love Is,675,http://songmeanings.com/artist/view/songs/675/,Céline Dion
3530822107858521993,http://songmeanings.com/songs/view/3530822107858521993/,I Love You,675,http://songmeanings.com/artist/view/songs/675/,Céline Dion
3530822107858892630,http://songmeanings.com/songs/view/3530822107858892630/,"I Love You, Goodbye",675,http://songmeanings.com/artist/view/songs/675/,Céline Dion
3530822107859325154,http://songmeanings.com/songs/view/3530822107859325154/,I Met an Angel (On Christmas Day),675,http://songmeanings.com/artist/view/songs/675/,Céline Dion
3530822107859054301,http://songmeanings.com/songs/view/3530822107859054301/,I Remember L.A.,675,http://songmeanings.com/artist/view/songs/675/,Céline Dion
109230,http://songmeanings.com/songs/view/109230/,I Surrender,675,http://songmeanings.com/artist/view/songs/675/,Céline Dion
3530822107858796880,http://songmeanings.com/songs/view/3530822107858796880/,I Want You to Need Me,675,http://songmeanings.com/artist/view/songs/675/,Céline Dion
3530822107859214733,http://songmeanings.com/songs/view/3530822107859214733/,I Wish,675,http://songmeanings.com/artist/view/songs/675/,Céline Dion
130030,http://songmeanings.com/songs/view/130030/,I'm Alive,675,http://songmeanings.com/artist/view/songs/675/,Céline Dion
3530822107858892925,http://songmeanings.com/songs/view/3530822107858892925/,I'm Loving Every Moment With You,675,http://songmeanings.com/artist/view/songs/675/,Céline Dion
3530822107858671977,http://songmeanings.com/songs/view/3530822107858671977/,I'm Your Angel,675,http://songmeanings.com/artist/view/songs/675/,Céline Dion
3530822107859387508,http://songmeanings.com/songs/view/3530822107859387508/,I've Got the World on a String,675,http://songmeanings.com/artist/view/songs/675/,Céline Dion
3530822107858657322,http://songmeanings.com/songs/view/3530822107858657322/,If I Could,675,http://songmeanings.com/artist/view/songs/675/,Céline Dion
3530822107859282475,http://songmeanings.com/songs/view/3530822107859282475/,If I Ruled the World,675,http://songmeanings.com/artist/view/songs/675/,Céline Dion
3530822107858892628,http://songmeanings.com/songs/view/3530822107858892628/,If I Were You,675,http://songmeanings.com/artist/view/songs/675/,Céline Dion
3530822107858892923,http://songmeanings.com/songs/view/3530822107858892923/,If Love Is Out of the Question,675,http://songmeanings.com/artist/view/songs/675/,Céline Dion
3530822107858979418,http://songmeanings.com/songs/view/3530822107858979418/,If That's What It Takes,675,http://songmeanings.com/artist/view/songs/675/,Céline Dion
3530822107858482336,http://songmeanings.com/songs/view/3530822107858482336/,If Walls Could Talk,675,http://songmeanings.com/artist/view/songs/675/,Céline Dion
3530822107858892928,http://songmeanings.com/songs/view/3530822107858892928/,If We Could Start Over,675,http://songmeanings.com/artist/view/songs/675/,Céline Dion
149182,http://songmeanings.com/songs/view/149182/,If You Asked Me To,675,http://songmeanings.com/artist/view/songs/675/,Céline Dion
3530822107858892627,http://songmeanings.com/songs/view/3530822107858892627/,If You Could See Me Now,675,http://songmeanings.com/artist/view/songs/675/,Céline Dion
3530822107859306060,http://songmeanings.com/songs/view/3530822107859306060/,ImmensitÃ©,675,http://songmeanings.com/artist/view/songs/675/,Céline Dion
46694,http://songmeanings.com/songs/view/46694/,Immortality,675,http://songmeanings.com/artist/view/songs/675/,Céline Dion
3530822107858539096,http://songmeanings.com/songs/view/3530822107858539096/,In His Touch,675,http://songmeanings.com/artist/view/songs/675/,Céline Dion
3530822107859224312,http://songmeanings.com/songs/view/3530822107859224312/,In Some Small Way,675,http://songmeanings.com/artist/view/songs/675/,Céline Dion
45972,http://songmeanings.com/songs/view/45972/,Incognito,675,http://songmeanings.com/artist/view/songs/675/,Céline Dion
3530822107859481117,http://songmeanings.com/songs/view/3530822107859481117/,Incredible,675,http://songmeanings.com/artist/view/songs/675/,Céline Dion
3530822107858892625,http://songmeanings.com/songs/view/3530822107858892625/,Introduction/Love Can Move Mountains,675,http://songmeanings.com/artist/view/songs/675/,Céline Dion
46693,http://songmeanings.com/songs/view/46693/,It's All Coming Back To Me Now,675,http://songmeanings.com/artist/view/songs/675/,Céline Dion
45973,http://songmeanings.com/songs/view/45973/,J'ai Besoin D'un Chum,675,http://songmeanings.com/artist/view/songs/675/,Céline Dion
45974,http://songmeanings.com/songs/view/45974/,J'attendais,675,http://songmeanings.com/artist/view/songs/675/,Céline Dion
45979,http://songmeanings.com/songs/view/45979/,J'irais Où Tu Iras,675,http://songmeanings.com/artist/view/songs/675/,Céline Dion
45975,http://songmeanings.com/songs/view/45975/,Je Chanterai,675,http://songmeanings.com/artist/view/songs/675/,Céline Dion
3530822107859306062,http://songmeanings.com/songs/view/3530822107859306062/,Je Cherche l'Ombre,675,http://songmeanings.com/artist/view/songs/675/,Céline Dion
45976,http://songmeanings.com/songs/view/45976/,Je Crois Toi,675,http://songmeanings.com/artist/view/songs/675/,Céline Dion
45977,http://songmeanings.com/songs/view/45977/,Je Danse Dans Ma Tête,675,http://songmeanings.com/artist/view/songs/675/,Céline Dion
3530822107859198320,http://songmeanings.com/songs/view/3530822107859198320/,Je Lui Dirai,675,http://songmeanings.com/artist/view/songs/675/,Céline Dion
3530822107859306067,http://songmeanings.com/songs/view/3530822107859306067/,Je Ne Suis Pas Celle,675,http://songmeanings.com/artist/view/songs/675/,Céline Dion
3530822107859322684,http://songmeanings.com/songs/view/3530822107859322684/,Je Ne Veux Pas,675,http://songmeanings.com/artist/view/songs/675/,Céline Dion
3530822107859291962,http://songmeanings.com/songs/view/3530822107859291962/,Je Ne Vous Oublie Pas,675,http://songmeanings.com/artist/view/songs/675/,Céline Dion
45978,http://songmeanings.com/songs/view/45978/,Je Sais Pas,675,http://songmeanings.com/artist/view/songs/675/,Céline Dion
3530822107859177534,http://songmeanings.com/songs/view/3530822107859177534/,Je T'Aime [Encore],675,http://songmeanings.com/artist/view/songs/675/,Céline Dion
45980,http://songmeanings.com/songs/view/45980/,Jours De Fièvre,675,http://songmeanings.com/artist/view/songs/675/,Céline Dion
3458764513820553279,http://songmeanings.com/songs/view/3458764513820553279/,Just A Little Bit Of Love,675,http://songmeanings.com/artist/view/songs/675/,Céline Dion
82016,http://songmeanings.com/songs/view/82016/,Just Walk Away,675,http://songmeanings.com/artist/view/songs/675/,Céline Dion
3530822107859392480,http://songmeanings.com/songs/view/3530822107859392480/,L' Amour Est Un Soleil,675,http://songmeanings.com/artist/view/songs/675/,Céline Dion
3530822107858919005,http://songmeanings.com/songs/view/3530822107858919005/,L' Amour Existe Encore,675,http://songmeanings.com/artist/view/songs/675/,Céline Dion
45985,http://songmeanings.com/songs/view/45985/,L'abandon,675,http://songmeanings.com/artist/view/songs/675/,Céline Dion
45981,http://songmeanings.com/songs/view/45981/,L'amour Viendra,675,http://songmeanings.com/artist/view/songs/675/,Céline Dion
3530822107859387512,http://songmeanings.com/songs/view/3530822107859387512/,La  Dodo la Do,675,http://songmeanings.com/artist/view/songs/675/,Céline Dion
3530822107859376251,http://songmeanings.com/songs/view/3530822107859376251/,La  Religieuse,675,http://songmeanings.com/artist/view/songs/675/,Céline Dion
3530822107859306064,http://songmeanings.com/songs/view/3530822107859306064/,La Diva,675,http://songmeanings.com/artist/view/songs/675/,Céline Dion
45982,http://songmeanings.com/songs/view/45982/,La Do Do la Do,675,http://songmeanings.com/artist/view/songs/675/,Céline Dion
45983,http://songmeanings.com/songs/view/45983/,La Mémoire D'abrahm,675,http://songmeanings.com/artist/view/songs/675/,Céline Dion
3530822107859023300,http://songmeanings.com/songs/view/3530822107859023300/,La Religieuse,675,http://songmeanings.com/artist/view/songs/675/,Céline Dion
45984,http://songmeanings.com/songs/view/45984/,La Voix Du Bon Dieu,675,http://songmeanings.com/artist/view/songs/675/,Céline Dion
45987,http://songmeanings.com/songs/view/45987/,Le Ballet,675,http://songmeanings.com/artist/view/songs/675/,Céline Dion
45988,http://songmeanings.com/songs/view/45988/,Le Fils De Superman,675,http://songmeanings.com/artist/view/songs/675/,Céline Dion
3530822107859224310,http://songmeanings.com/songs/view/3530822107859224310/,"Le Loup, La Biche et le Chevalier (Une Chanson Douce)",675,http://songmeanings.com/artist/view/songs/675/,Céline Dion
3530822107859002803,http://songmeanings.com/songs/view/3530822107859002803/,Le Monde Est Stone,675,http://songmeanings.com/artist/view/songs/675/,Céline Dion
45989,http://songmeanings.com/songs/view/45989/,Le Piano Fantôme,675,http://songmeanings.com/artist/view/songs/675/,Céline Dion
3530822107859306068,http://songmeanings.com/songs/view/3530822107859306068/,Le Temps Qui Compte,675,http://songmeanings.com/artist/view/songs/675/,Céline Dion
45990,http://songmeanings.com/songs/view/45990/,Le Tour Du Monde,675,http://songmeanings.com/artist/view/songs/675/,Céline Dion
45991,http://songmeanings.com/songs/view/45991/,Le Vieux Monsieur De La Rue Royale,675,http://songmeanings.com/artist/view/songs/675/,Céline Dion
3530822107859198317,http://songmeanings.com/songs/view/3530822107859198317/,Le Vol d'Un Ange,675,http://songmeanings.com/artist/view/songs/675/,Céline Dion
3530822107859013367,http://songmeanings.com/songs/view/3530822107859013367/,Les Chemins de Ma Maison,675,http://songmeanings.com/artist/view/songs/675/,Céline Dion
3530822107859020115,http://songmeanings.com/songs/view/3530822107859020115/,Les Cloches du Hameau,675,http://songmeanings.com/artist/view/songs/675/,Céline Dion
45992,http://songmeanings.com/songs/view/45992/,Les Dernières Seront Les Premières,675,http://songmeanings.com/artist/view/songs/675/,Céline Dion
3530822107859023299,http://songmeanings.com/songs/view/3530822107859023299/,Les Oiseaux du Bonheur,675,http://songmeanings.com/artist/view/songs/675/,Céline Dion
3530822107859306063,http://songmeanings.com/songs/view/3530822107859306063/,Les Paradis,675,http://songmeanings.com/artist/view/songs/675/,Céline Dion
3530822107859002805,http://songmeanings.com/songs/view/3530822107859002805/,Les Uns Contres Les Autres,675,http://songmeanings.com/artist/view/songs/675/,Céline Dion
3530822107859481076,http://songmeanings.com/songs/view/3530822107859481076/,Let Your Heart Decide,675,http://songmeanings.com/artist/view/songs/675/,Céline Dion
3458764513820553281,http://songmeanings.com/songs/view/3458764513820553281/,Let's Talk About Love,675,http://songmeanings.com/artist/view/songs/675/,Céline Dion
3530822107859306069,http://songmeanings.com/songs/view/3530822107859306069/,Lettre de George Sand Ã  Alfred de Musset,675,http://songmeanings.com/artist/view/songs/675/,Céline Dion
3530822107859481113,http://songmeanings.com/songs/view/3530822107859481113/,Listen to the Magic Man,675,http://songmeanings.com/artist/view/songs/675/,Céline Dion
3530822107858796881,http://songmeanings.com/songs/view/3530822107858796881/,Little Bit of Love,675,http://songmeanings.com/artist/view/songs/675/,Céline Dion
3530822107858641118,http://songmeanings.com/songs/view/3530822107858641118/,Live,675,http://songmeanings.com/artist/view/songs/675/,Céline Dion
3530822107859059760,http://songmeanings.com/songs/view/3530822107859059760/,Live for the One I Love,675,http://songmeanings.com/artist/view/songs/675/,Céline Dion
45993,http://songmeanings.com/songs/view/45993/,Lolita (Trop Jeune Pour Aimer),675,http://songmeanings.com/artist/view/songs/675/,Céline Dion
3530822107858892926,http://songmeanings.com/songs/view/3530822107858892926/,Love by Another Name,675,http://songmeanings.com/artist/view/songs/675/,Céline Dion
3530822107858964928,http://songmeanings.com/songs/view/3530822107858964928/,Love Can Move Mountains,675,http://songmeanings.com/artist/view/songs/675/,Céline Dion
3530822107858796831,http://songmeanings.com/songs/view/3530822107858796831/,Love Doesnt Ask Why,675,http://songmeanings.com/artist/view/songs/675/,Céline Dion
3530822107858796884,http://songmeanings.com/songs/view/3530822107858796884/,Love Is All We Need,675,http://songmeanings.com/artist/view/songs/675/,Céline Dion
3458764513820553274,http://songmeanings.com/songs/view/3458764513820553274/,Love Is On The Way,675,http://songmeanings.com/artist/view/songs/675/,Céline Dion
3530822107859481115,http://songmeanings.com/songs/view/3530822107859481115/,Loved Me Back to Life,675,http://songmeanings.com/artist/view/songs/675/,Céline Dion
3530822107859042418,http://songmeanings.com/songs/view/3530822107859042418/,Lovin' Proof,675,http://songmeanings.com/artist/view/songs/675/,Céline Dion
3530822107859481129,http://songmeanings.com/songs/view/3530822107859481129/,"Lullaby (Goodnight, My Angel) (Billy Joel cover)",675,http://songmeanings.com/artist/view/songs/675/,Céline Dion
3530822107859267265,http://songmeanings.com/songs/view/3530822107859267265/,Ma Chambre,675,http://songmeanings.com/artist/view/songs/675/,Céline Dion
3530822107858796854,http://songmeanings.com/songs/view/3530822107858796854/,Make You Happy,675,http://songmeanings.com/artist/view/songs/675/,Céline Dion
3530822107858702953,http://songmeanings.com/songs/view/3530822107858702953/,Map To My Heart,675,http://songmeanings.com/artist/view/songs/675/,Céline Dion
3530822107859276358,http://songmeanings.com/songs/view/3530822107859276358/,Matt & Vito's Epic Mix,675,http://songmeanings.com/artist/view/songs/675/,Céline Dion
3530822107858964927,http://songmeanings.com/songs/view/3530822107858964927/,Medley de Starmania,675,http://songmeanings.com/artist/view/songs/675/,Céline Dion
3530822107859383832,http://songmeanings.com/songs/view/3530822107859383832/,Medley Hommage Ã€ Queen: We Will Rock/the Show Must Go On,675,http://songmeanings.com/artist/view/songs/675/,Céline Dion
3530822107859013369,http://songmeanings.com/songs/view/3530822107859013369/,Melanie,675,http://songmeanings.com/artist/view/songs/675/,Céline Dion
3530822107859481114,http://songmeanings.com/songs/view/3530822107859481114/,Michael's Song,675,http://songmeanings.com/artist/view/songs/675/,Céline Dion
3458764513820553277,http://songmeanings.com/songs/view/3458764513820553277/,Miles to Go (Before I Sleep) ,675,http://songmeanings.com/artist/view/songs/675/,Céline Dion
3530822107859224303,http://songmeanings.com/songs/view/3530822107859224303/,Miracle,675,http://songmeanings.com/artist/view/songs/675/,Céline Dion
3530822107858699311,http://songmeanings.com/songs/view/3530822107858699311/,Misled,675,http://songmeanings.com/artist/view/songs/675/,Céline Dion
45994,http://songmeanings.com/songs/view/45994/,Mon Ami M'as Quittée,675,http://songmeanings.com/artist/view/songs/675/,Céline Dion
3530822107859198321,http://songmeanings.com/songs/view/3530822107859198321/,Mon Homme,675,http://songmeanings.com/artist/view/songs/675/,Céline Dion
3530822107859013368,http://songmeanings.com/songs/view/3530822107859013368/,Mon RÃªve de Toujours,675,http://songmeanings.com/artist/view/songs/675/,Céline Dion
13525,http://songmeanings.com/songs/view/13525/,My Heart Will Go On,675,http://songmeanings.com/artist/view/songs/675/,Céline Dion
3530822107858702954,http://songmeanings.com/songs/view/3530822107858702954/,My Love,675,http://songmeanings.com/artist/view/songs/675/,Céline Dion
3530822107859224306,http://songmeanings.com/songs/view/3530822107859224306/,My Precious One,675,http://songmeanings.com/artist/view/songs/675/,Céline Dion
3530822107859337030,http://songmeanings.com/songs/view/3530822107859337030/,Na Partez Pas Sans Moi,675,http://songmeanings.com/artist/view/songs/675/,Céline Dion
3530822107858589197,http://songmeanings.com/songs/view/3530822107858589197/,Naked,675,http://songmeanings.com/artist/view/songs/675/,Céline Dion
3458764513820560434,http://songmeanings.com/songs/view/3458764513820560434/,Nature Boy,675,http://songmeanings.com/artist/view/songs/675/,Céline Dion
3530822107859198318,http://songmeanings.com/songs/view/3530822107859198318/,Ne Bouge Pas,675,http://songmeanings.com/artist/view/songs/675/,Céline Dion
3530822107859313049,http://songmeanings.com/songs/view/3530822107859313049/,NE Me Plaignez Pas,675,http://songmeanings.com/artist/view/songs/675/,Céline Dion
45995,http://songmeanings.com/songs/view/45995/,Ne Partez Pas Sans Moi,675,http://songmeanings.com/artist/view/songs/675/,Céline Dion
3530822107858693390,http://songmeanings.com/songs/view/3530822107858693390/,New Dawn,675,http://songmeanings.com/artist/view/songs/675/,Céline Dion
3530822107858671975,http://songmeanings.com/songs/view/3530822107858671975/,Next Plane Out,675,http://songmeanings.com/artist/view/songs/675/,Céline Dion
3530822107859054302,http://songmeanings.com/songs/view/3530822107859054302/,No Living Without Loving You,675,http://songmeanings.com/artist/view/songs/675/,Céline Dion
3530822107859289981,http://songmeanings.com/songs/view/3530822107859289981/,No Living Without You,675,http://songmeanings.com/artist/view/songs/675/,Céline Dion
3530822107858892631,http://songmeanings.com/songs/view/3530822107858892631/,Nothing Broken But My Heart,675,http://songmeanings.com/artist/view/songs/675/,Céline Dion
3530822107859020111,http://songmeanings.com/songs/view/3530822107859020111/,O Come All Ye Faithful,675,http://songmeanings.com/artist/view/songs/675/,Céline Dion
3530822107858602991,http://songmeanings.com/songs/view/3530822107858602991/,O Holy Night,675,http://songmeanings.com/artist/view/songs/675/,Céline Dion
45996,http://songmeanings.com/songs/view/45996/,On Ne Change Pas,675,http://songmeanings.com/artist/view/songs/675/,Céline Dion
3530822107859306070,http://songmeanings.com/songs/view/3530822107859306070/,On S'Est AimÃ© Ã  Cause,675,http://songmeanings.com/artist/view/songs/675/,Céline Dion
45997,http://songmeanings.com/songs/view/45997/,On Traverse Un Miroir,675,http://songmeanings.com/artist/view/songs/675/,Céline Dion
3530822107858633954,http://songmeanings.com/songs/view/3530822107858633954/,One Heart,675,http://songmeanings.com/artist/view/songs/675/,Céline Dion
3530822107858963531,http://songmeanings.com/songs/view/3530822107858963531/,Only One Road,675,http://songmeanings.com/artist/view/songs/675/,Céline Dion
3530822107859481130,http://songmeanings.com/songs/view/3530822107859481130/,Open Arms (Journey cover),675,http://songmeanings.com/artist/view/songs/675/,Céline Dion
3530822107859383830,http://songmeanings.com/songs/view/3530822107859383830/,Ouverture,675,http://songmeanings.com/artist/view/songs/675/,Céline Dion
3530822107859481123,http://songmeanings.com/songs/view/3530822107859481123/,Overjoyed,675,http://songmeanings.com/artist/view/songs/675/,Céline Dion
45998,http://songmeanings.com/songs/view/45998/,Oxygène,675,http://songmeanings.com/artist/view/songs/675/,Céline Dion
45999,http://songmeanings.com/songs/view/45999/,Papillon,675,http://songmeanings.com/artist/view/songs/675/,Céline Dion
46000,http://songmeanings.com/songs/view/46000/,Partout Je Te Vois,675,http://songmeanings.com/artist/view/songs/675/,Céline Dion
3530822107859072103,http://songmeanings.com/songs/view/3530822107859072103/,Paul et Virginie,675,http://songmeanings.com/artist/view/songs/675/,Céline Dion
3530822107859002642,http://songmeanings.com/songs/view/3530822107859002642/,Petit Papa Noel,675,http://songmeanings.com/artist/view/songs/675/,Céline Dion
46001,http://songmeanings.com/songs/view/46001/,Piaf Chanterait Du Rock,675,http://songmeanings.com/artist/view/songs/675/,Céline Dion
46002,http://songmeanings.com/songs/view/46002/,Plus Haut Que Moi,675,http://songmeanings.com/artist/view/songs/675/,Céline Dion
3530822107859006273,http://songmeanings.com/songs/view/3530822107859006273/,Pour Que Tu M'Aimes Encore,675,http://songmeanings.com/artist/view/songs/675/,Céline Dion
46004,http://songmeanings.com/songs/view/46004/,Prière Païenne,675,http://songmeanings.com/artist/view/songs/675/,Céline Dion
3530822107858964930,http://songmeanings.com/songs/view/3530822107858964930/,Quand on N'A Que l'Amour,675,http://songmeanings.com/artist/view/songs/675/,Céline Dion
46005,http://songmeanings.com/songs/view/46005/,"Quelqu'un Que J'aime, Quelqu'un Qui M'aime",675,http://songmeanings.com/artist/view/songs/675/,Céline Dion
140023,http://songmeanings.com/songs/view/140023/,"Rain, Tax (it's Inevitable)",675,http://songmeanings.com/artist/view/songs/675/,Céline Dion
3530822107859054299,http://songmeanings.com/songs/view/3530822107859054299/,Real Emotion,675,http://songmeanings.com/artist/view/songs/675/,Céline Dion
3530822107859054300,http://songmeanings.com/songs/view/3530822107859054300/,Refuse to Dance,675,http://songmeanings.com/artist/view/songs/675/,Céline Dion
46006,http://songmeanings.com/songs/view/46006/,Regarde-moi,675,http://songmeanings.com/artist/view/songs/675/,Céline Dion
3530822107859198319,http://songmeanings.com/songs/view/3530822107859198319/,Retiens-Moi,675,http://songmeanings.com/artist/view/songs/675/,Céline Dion
3530822107858796887,http://songmeanings.com/songs/view/3530822107858796887/,Reveal,675,http://songmeanings.com/artist/view/songs/675/,Céline Dion
3530822107859198322,http://songmeanings.com/songs/view/3530822107859198322/,Rien N'Est Vraiment Fini,675,http://songmeanings.com/artist/view/songs/675/,Céline Dion
3530822107858521994,http://songmeanings.com/songs/view/3530822107858521994/,Right In Front Of You,675,http://songmeanings.com/artist/view/songs/675/,Céline Dion
3530822107858702955,http://songmeanings.com/songs/view/3530822107858702955/,Right Next To The Right One,675,http://songmeanings.com/artist/view/songs/675/,Céline Dion
3530822107858979420,http://songmeanings.com/songs/view/3530822107858979420/,"River Deep, Mountain High (Ike & Tina Turner)",675,http://songmeanings.com/artist/view/songs/675/,Céline Dion
46008,http://songmeanings.com/songs/view/46008/,S'il Suffisait D'aimer,675,http://songmeanings.com/artist/view/songs/675/,Céline Dion
3530822107859392475,http://songmeanings.com/songs/view/3530822107859392475/,S.O.S. D'un Terrien En DÃ©tresse,675,http://songmeanings.com/artist/view/songs/675/,Céline Dion
3530822107859481120,http://songmeanings.com/songs/view/3530822107859481120/,Save Your Soul,675,http://songmeanings.com/artist/view/songs/675/,Céline Dion
3530822107858657860,http://songmeanings.com/songs/view/3530822107858657860/,Seduces Me,675,http://songmeanings.com/artist/view/songs/675/,Céline Dion
46007,http://songmeanings.com/songs/view/46007/,Seul Un Oiseau Blanc,675,http://songmeanings.com/artist/view/songs/675/,Céline Dion
3530822107858702956,http://songmeanings.com/songs/view/3530822107858702956/,Shadow Of Love,675,http://songmeanings.com/artist/view/songs/675/,Céline Dion
3530822107858892626,http://songmeanings.com/songs/view/3530822107858892626/,Show Some Emotion,675,http://songmeanings.com/artist/view/songs/675/,Céline Dion
3530822107859306066,http://songmeanings.com/songs/view/3530822107859306066/,Si J'Ã‰tais Quelqu'un,675,http://songmeanings.com/artist/view/songs/675/,Céline Dion
3530822107858702962,http://songmeanings.com/songs/view/3530822107858702962/,Skies Of L.A.,675,http://songmeanings.com/artist/view/songs/675/,Céline Dion
3530822107859224304,http://songmeanings.com/songs/view/3530822107859224304/,Sleep Tight,675,http://songmeanings.com/artist/view/songs/675/,Céline Dion
3530822107859046026,http://songmeanings.com/songs/view/3530822107859046026/,Sola Otra Vez,675,http://songmeanings.com/artist/view/songs/675/,Céline Dion
3530822107859481116,http://songmeanings.com/songs/view/3530822107859481116/,Somebody Loves Somebody,675,http://songmeanings.com/artist/view/songs/675/,Céline Dion
3530822107858796882,http://songmeanings.com/songs/view/3530822107858796882/,Sorry for Love,675,http://songmeanings.com/artist/view/songs/675/,Céline Dion
3530822107859377745,http://songmeanings.com/songs/view/3530822107859377745/,Soul Medley: Sex Machine/ Soul Man/ Lady Marmalade/ Sir Duke/ Respect/,675,http://songmeanings.com/artist/view/songs/675/,Céline Dion
3530822107859125509,http://songmeanings.com/songs/view/3530822107859125509/,Soul Solution,675,http://songmeanings.com/artist/view/songs/675/,Céline Dion
3530822107859125022,http://songmeanings.com/songs/view/3530822107859125022/,Sous le Vent,675,http://songmeanings.com/artist/view/songs/675/,Céline Dion
3530822107858639405,http://songmeanings.com/songs/view/3530822107858639405/,Stand by Your Side,675,http://songmeanings.com/artist/view/songs/675/,Céline Dion
3530822107859148615,http://songmeanings.com/songs/view/3530822107859148615/,Super Love,675,http://songmeanings.com/artist/view/songs/675/,Céline Dion
46009,http://songmeanings.com/songs/view/46009/,Sur Le Même Bateau,675,http://songmeanings.com/artist/view/songs/675/,Céline Dion
3530822107858702965,http://songmeanings.com/songs/view/3530822107858702965/,Surprise Surprise,675,http://songmeanings.com/artist/view/songs/675/,Céline Dion
3530822107858686159,http://songmeanings.com/songs/view/3530822107858686159/,Taking Chances,675,http://songmeanings.com/artist/view/songs/675/,Céline Dion
46695,http://songmeanings.com/songs/view/46695/,Tell Him,675,http://songmeanings.com/artist/view/songs/675/,Céline Dion
46010,http://songmeanings.com/songs/view/46010/,Tellement J'ai D'amour Pour Toi,675,http://songmeanings.com/artist/view/songs/675/,Céline Dion
3458764513820558769,http://songmeanings.com/songs/view/3458764513820558769/,Ten Days,675,http://songmeanings.com/artist/view/songs/675/,Céline Dion
46011,http://songmeanings.com/songs/view/46011/,Terre,675,http://songmeanings.com/artist/view/songs/675/,Céline Dion
3530822107859481122,http://songmeanings.com/songs/view/3530822107859481122/,Thank You,675,http://songmeanings.com/artist/view/songs/675/,Céline Dion
3530822107859481124,http://songmeanings.com/songs/view/3530822107859481124/,Thankful,675,http://songmeanings.com/artist/view/songs/675/,Céline Dion
3530822107858702928,http://songmeanings.com/songs/view/3530822107858702928/,That's Just The Woman In Me,675,http://songmeanings.com/artist/view/songs/675/,Céline Dion
46696,http://songmeanings.com/songs/view/46696/,That's The Way It Is,675,http://songmeanings.com/artist/view/songs/675/,Céline Dion
3530822107859020112,http://songmeanings.com/songs/view/3530822107859020112/,The Christmas Song (Chestnuts Roasting on an Open Fire),675,http://songmeanings.com/artist/view/songs/675/,Céline Dion
3530822107859054303,http://songmeanings.com/songs/view/3530822107859054303/,The Colour of My Love,675,http://songmeanings.com/artist/view/songs/675/,Céline Dion
3530822107859059759,http://songmeanings.com/songs/view/3530822107859059759/,The First Time Ever I Saw Your Face,675,http://songmeanings.com/artist/view/songs/675/,Céline Dion
3530822107859144263,http://songmeanings.com/songs/view/3530822107859144263/,The Greatest Reward,675,http://songmeanings.com/artist/view/songs/675/,Céline Dion
3530822107858892924,http://songmeanings.com/songs/view/3530822107858892924/,The Last to Know,675,http://songmeanings.com/artist/view/songs/675/,Céline Dion
3530822107859020109,http://songmeanings.com/songs/view/3530822107859020109/,The Magic of Christmas Day (God Bless Us Everyone),675,http://songmeanings.com/artist/view/songs/675/,Céline Dion
3530822107858710989,http://songmeanings.com/songs/view/3530822107858710989/,The Power of Love,675,http://songmeanings.com/artist/view/songs/675/,Céline Dion
3530822107859017524,http://songmeanings.com/songs/view/3530822107859017524/,The Power of the Dream,675,http://songmeanings.com/artist/view/songs/675/,Céline Dion
3530822107858630411,http://songmeanings.com/songs/view/3530822107858630411/,The Prayer,675,http://songmeanings.com/artist/view/songs/675/,Céline Dion
81991,http://songmeanings.com/songs/view/81991/,The Reason,675,http://songmeanings.com/artist/view/songs/675/,Céline Dion
3530822107858702970,http://songmeanings.com/songs/view/3530822107858702970/,The Reason I Go On,675,http://songmeanings.com/artist/view/songs/675/,Céline Dion
3530822107858482337,http://songmeanings.com/songs/view/3530822107858482337/,Then You Look At Me,675,http://songmeanings.com/artist/view/songs/675/,Céline Dion
3530822107859020113,http://songmeanings.com/songs/view/3530822107859020113/,These Are the Special Times,675,http://songmeanings.com/artist/view/songs/675/,Céline Dion
108075,http://songmeanings.com/songs/view/108075/,Think Twice,675,http://songmeanings.com/artist/view/songs/675/,Céline Dion
3530822107858702977,http://songmeanings.com/songs/view/3530822107858702977/,This Time,675,http://songmeanings.com/artist/view/songs/675/,Céline Dion
46012,http://songmeanings.com/songs/view/46012/,Tire L'aguille,675,http://songmeanings.com/artist/view/songs/675/,Céline Dion
3458764513820553280,http://songmeanings.com/songs/view/3458764513820553280/,To Love You More,675,http://songmeanings.com/artist/view/songs/675/,Céline Dion
3530822107859345390,http://songmeanings.com/songs/view/3530822107859345390/,Toi et Moi,675,http://songmeanings.com/artist/view/songs/675/,Céline Dion
46013,http://songmeanings.com/songs/view/46013/,Tous Les Blues Sont Écrits Pour Toi,675,http://songmeanings.com/artist/view/songs/675/,Céline Dion
3530822107859349391,http://songmeanings.com/songs/view/3530822107859349391/,Tous les Secrets,675,http://songmeanings.com/artist/view/songs/675/,Céline Dion
3530822107859198315,http://songmeanings.com/songs/view/3530822107859198315/,Tout L'or des Hommes,675,http://songmeanings.com/artist/view/songs/675/,Céline Dion
117017,http://songmeanings.com/songs/view/117017/,Treat Her Like A Lady,675,http://songmeanings.com/artist/view/songs/675/,Céline Dion
3530822107859091652,http://songmeanings.com/songs/view/3530822107859091652/,Trois Heures Vingt,675,http://songmeanings.com/artist/view/songs/675/,Céline Dion
3530822107859072102,http://songmeanings.com/songs/view/3530822107859072102/,Trop Jeune Ã€ Dix Sept Ans,675,http://songmeanings.com/artist/view/songs/675/,Céline Dion
46014,http://songmeanings.com/songs/view/46014/,Tu Reste Avec Moi,675,http://songmeanings.com/artist/view/songs/675/,Céline Dion
3530822107859017525,http://songmeanings.com/songs/view/3530822107859017525/,Twist and Shout (Isley Brothers cover),675,http://songmeanings.com/artist/view/songs/675/,Céline Dion
3530822107859142489,http://songmeanings.com/songs/view/3530822107859142489/,Un Amor Pour Moi,675,http://songmeanings.com/artist/view/songs/675/,Céline Dion
3530822107859002804,http://songmeanings.com/songs/view/3530822107859002804/,Un GarÃ§on Pas Comme Les Autres (Ziggy),675,http://songmeanings.com/artist/view/songs/675/,Céline Dion
3530822107858631761,http://songmeanings.com/songs/view/3530822107858631761/,Une Colombe,675,http://songmeanings.com/artist/view/songs/675/,Céline Dion
3530822107859481127,http://songmeanings.com/songs/view/3530822107859481127/,Unfinished Songs,675,http://songmeanings.com/artist/view/songs/675/,Céline Dion
3530822107858745731,http://songmeanings.com/songs/view/3530822107858745731/,Unison,675,http://songmeanings.com/artist/view/songs/675/,Céline Dion
3458764513820553278,http://songmeanings.com/songs/view/3458764513820553278/,Us,675,http://songmeanings.com/artist/view/songs/675/,Céline Dion
46015,http://songmeanings.com/songs/view/46015/,Visa Pour Les Beaux Jours,675,http://songmeanings.com/artist/view/songs/675/,Céline Dion
3530822107859313052,http://songmeanings.com/songs/view/3530822107859313052/,Voix du Bon Dieu,675,http://songmeanings.com/artist/view/songs/675/,Céline Dion
46016,http://songmeanings.com/songs/view/46016/,Vole,675,http://songmeanings.com/artist/view/songs/675/,Céline Dion
3530822107859481118,http://songmeanings.com/songs/view/3530822107859481118/,Water and a Flame,675,http://songmeanings.com/artist/view/songs/675/,Céline Dion
3530822107858714792,http://songmeanings.com/songs/view/3530822107858714792/,Water from the Moon,675,http://songmeanings.com/artist/view/songs/675/,Céline Dion
3530822107859224305,http://songmeanings.com/songs/view/3530822107859224305/,What a Wonderful World (Louis Armstrong cover),675,http://songmeanings.com/artist/view/songs/675/,Céline Dion
3530822107858965111,http://songmeanings.com/songs/view/3530822107858965111/,When I Fall in Love,675,http://songmeanings.com/artist/view/songs/675/,Céline Dion
3458764513820553276,http://songmeanings.com/songs/view/3458764513820553276/,When I Need You,675,http://songmeanings.com/artist/view/songs/675/,Céline Dion
3530822107858632518,http://songmeanings.com/songs/view/3530822107858632518/,When The Wrong One Loves You Right,675,http://songmeanings.com/artist/view/songs/675/,Céline Dion
108078,http://songmeanings.com/songs/view/108078/,Where Does My Heart Beat Now,675,http://songmeanings.com/artist/view/songs/675/,Céline Dion
3458764513820553275,http://songmeanings.com/songs/view/3458764513820553275/,Where Is The Love,675,http://songmeanings.com/artist/view/songs/675/,Céline Dion
3458764513820553273,http://songmeanings.com/songs/view/3458764513820553273/,Why Oh Why,675,http://songmeanings.com/artist/view/songs/675/,Céline Dion
3530822107858796886,http://songmeanings.com/songs/view/3530822107858796886/,With This Tear,675,http://songmeanings.com/artist/view/songs/675/,Céline Dion
3530822107858631762,http://songmeanings.com/songs/view/3530822107858631762/,You and I,675,http://songmeanings.com/artist/view/songs/675/,Céline Dion
3530822107859164803,http://songmeanings.com/songs/view/3530822107859164803/,You Shook Me All Night Long (AC/DC cover),675,http://songmeanings.com/artist/view/songs/675/,Céline Dion
3530822107859032571,http://songmeanings.com/songs/view/3530822107859032571/,You've Got a Friend,675,http://songmeanings.com/artist/view/songs/675/,Céline Dion
3530822107859298956,http://songmeanings.com/songs/view/3530822107859298956/,Your Light,675,http://songmeanings.com/artist/view/songs/675/,Céline Dion
46017,http://songmeanings.com/songs/view/46017/,Zora Sourit,675,http://songmeanings.com/artist/view/songs/675/,Céline Dion
3530822107858696248,http://songmeanings.com/songs/view/3530822107858696248/,Áng Mây Buồn,137438981526,http://songmeanings.com/artist/view/songs/137438981526/,Cẩm Ly
3530822107858696249,http://songmeanings.com/songs/view/3530822107858696249/,Thầm Mong,137438981526,http://songmeanings.com/artist/view/songs/137438981526/,Cẩm Ly
3530822107858696250,http://songmeanings.com/songs/view/3530822107858696250/,Vì Em Là Con Gái,137438981526,http://songmeanings.com/artist/view/songs/137438981526/,Cẩm Ly
3530822107858893137,http://songmeanings.com/songs/view/3530822107858893137/,A Groove of Love (What's This Word Called Love?),137438999604,http://songmeanings.com/artist/view/songs/137438999604/,C+C Music Factory
3530822107858979983,http://songmeanings.com/songs/view/3530822107858979983/,Do You Wanna Get Funky,137438999604,http://songmeanings.com/artist/view/songs/137438999604/,C+C Music Factory
3530822107858921903,http://songmeanings.com/songs/view/3530822107858921903/,Do You Wanna Get Funky [C+C Sound Factory House Mix],137438999604,http://songmeanings.com/artist/view/songs/137438999604/,C+C Music Factory
3530822107858921902,http://songmeanings.com/songs/view/3530822107858921902/,Do You Wanna Get Funky [Cappella],137438999604,http://songmeanings.com/artist/view/songs/137438999604/,C+C Music Factory
3530822107858987847,http://songmeanings.com/songs/view/3530822107858987847/,Do You Wanna Get Funky [Full Length Version],137438999604,http://songmeanings.com/artist/view/songs/137438999604/,C+C Music Factory
3530822107858921901,http://songmeanings.com/songs/view/3530822107858921901/,Do You Wanna Get Funky [Mark the 45 King Remix],137438999604,http://songmeanings.com/artist/view/songs/137438999604/,C+C Music Factory
3530822107858921904,http://songmeanings.com/songs/view/3530822107858921904/,Do You Wanna Get Funky [Ministry of Sound House Mix],137438999604,http://songmeanings.com/artist/view/songs/137438999604/,C+C Music Factory
3530822107859126971,http://songmeanings.com/songs/view/3530822107859126971/,Do You Wanna Get Funky [Nice and Smooth Hip Hop Remix],137438999604,http://songmeanings.com/artist/view/songs/137438999604/,C+C Music Factory
3530822107858921900,http://songmeanings.com/songs/view/3530822107858921900/,Do You Wanna Get Funky [Vocal Club Mix],137438999604,http://songmeanings.com/artist/view/songs/137438999604/,C+C Music Factory
3530822107858963576,http://songmeanings.com/songs/view/3530822107858963576/,Do You Want to Get Funky,137438999604,http://songmeanings.com/artist/view/songs/137438999604/,C+C Music Factory
3530822107858893133,http://songmeanings.com/songs/view/3530822107858893133/,Gonna Make You Sweat (Everybody Dance Now),137438999604,http://songmeanings.com/artist/view/songs/137438999604/,C+C Music Factory
3530822107859416250,http://songmeanings.com/songs/view/3530822107859416250/,Gonna Make You Sweat (Everybody Dance Now) [Album Version],137438999604,http://songmeanings.com/artist/view/songs/137438999604/,C+C Music Factory
3530822107859370882,http://songmeanings.com/songs/view/3530822107859370882/,Gonna Make You Sweat (Everybody Dance Now) [Clivelles And Cole DJ's cho,137438999604,http://songmeanings.com/artist/view/songs/137438999604/,C+C Music Factory
3530822107859127169,http://songmeanings.com/songs/view/3530822107859127169/,Gonna Make You Sweat (Everybody Dance Now) [Clivilles and Cole DH Mix],137438999604,http://songmeanings.com/artist/view/songs/137438999604/,C+C Music Factory
3530822107859366066,http://songmeanings.com/songs/view/3530822107859366066/,Gonna Make You Sweat (Everybody Dance Now) [DVD],137438999604,http://songmeanings.com/artist/view/songs/137438999604/,C+C Music Factory
3530822107858957047,http://songmeanings.com/songs/view/3530822107858957047/,Gonna Make You Sweat (Everybody Dance Now) [Live in Japan],137438999604,http://songmeanings.com/artist/view/songs/137438999604/,C+C Music Factory
3530822107859313479,http://songmeanings.com/songs/view/3530822107859313479/,Gonna Make You Sweat (Everybody Dance Now) [Radio Remix],137438999604,http://songmeanings.com/artist/view/songs/137438999604/,C+C Music Factory
3530822107858979345,http://songmeanings.com/songs/view/3530822107858979345/,Gonna Make You Sweat (Everybody Dance Now) [Slammin' Vocal Club Mix],137438999604,http://songmeanings.com/artist/view/songs/137438999604/,C+C Music Factory
3530822107859221017,http://songmeanings.com/songs/view/3530822107859221017/,Gonna Make You Sweat (Everybody Dance Now) [The ClivillÃ©s/Cole 1991 Hi],137438999604,http://songmeanings.com/artist/view/songs/137438999604/,C+C Music Factory
3530822107859371357,http://songmeanings.com/songs/view/3530822107859371357/,Gonna Make You Sweat (Everybody Dance Now) [the master mix-instrumental,137438999604,http://songmeanings.com/artist/view/songs/137438999604/,C+C Music Factory
3530822107859371090,http://songmeanings.com/songs/view/3530822107859371090/,Gonna Make You Sweat (Everybody Dance Now) [the slammin' vocal club mix,137438999604,http://songmeanings.com/artist/view/songs/137438999604/,C+C Music Factory
3530822107859042859,http://songmeanings.com/songs/view/3530822107859042859/,Gonna Make You Sweat (Everybody Dance Now) [The Slammin' Vocal Club Mi],137438999604,http://songmeanings.com/artist/view/songs/137438999604/,C+C Music Factory
3530822107859342769,http://songmeanings.com/songs/view/3530822107859342769/,Gonna Make You Sweat (Everybody Dance Now) [Video Version][Multimedia T,137438999604,http://songmeanings.com/artist/view/songs/137438999604/,C+C Music Factory
3530822107859388310,http://songmeanings.com/songs/view/3530822107859388310/,Here We Go,137438999604,http://songmeanings.com/artist/view/songs/137438999604/,C+C Music Factory
3530822107859112667,http://songmeanings.com/songs/view/3530822107859112667/,Here We Go [C & C Radio Mix],137438999604,http://songmeanings.com/artist/view/songs/137438999604/,C+C Music Factory
3530822107859112668,http://songmeanings.com/songs/view/3530822107859112668/,Here We Go [R and B Radio Mix],137438999604,http://songmeanings.com/artist/view/songs/137438999604/,C+C Music Factory
3530822107859112669,http://songmeanings.com/songs/view/3530822107859112669/,Here We Go [Rock and Roll Radio Mix],137438999604,http://songmeanings.com/artist/view/songs/137438999604/,C+C Music Factory
3530822107859112665,http://songmeanings.com/songs/view/3530822107859112665/,Here We Go [The CivillÃ©s/Cole Rockin' in '91 Mix (Zelma Sings)],137438999604,http://songmeanings.com/artist/view/songs/137438999604/,C+C Music Factory
3530822107859112666,http://songmeanings.com/songs/view/3530822107859112666/,Here We Go [The Rockin' in '91 Dub],137438999604,http://songmeanings.com/artist/view/songs/137438999604/,C+C Music Factory
3530822107858893134,http://songmeanings.com/songs/view/3530822107858893134/,"Here We Go, Let's Rock & Roll",137438999604,http://songmeanings.com/artist/view/songs/137438999604/,C+C Music Factory
3530822107858973430,http://songmeanings.com/songs/view/3530822107858973430/,I Found Love,137438999604,http://songmeanings.com/artist/view/songs/137438999604/,C+C Music Factory
3530822107859113430,http://songmeanings.com/songs/view/3530822107859113430/,I Found Love [C+C Underground Club Mix],137438999604,http://songmeanings.com/artist/view/songs/137438999604/,C+C Music Factory
3530822107858952521,http://songmeanings.com/songs/view/3530822107858952521/,I'll Always Be Around,137438999604,http://songmeanings.com/artist/view/songs/137438999604/,C+C Music Factory
3530822107858970148,http://songmeanings.com/songs/view/3530822107858970148/,I'll Always Be Around [C+C House Mix],137438999604,http://songmeanings.com/artist/view/songs/137438999604/,C+C Music Factory
3530822107858972068,http://songmeanings.com/songs/view/3530822107858972068/,I'll Always Be Around [Ministry of Sound House Mix],137438999604,http://songmeanings.com/artist/view/songs/137438999604/,C+C Music Factory
3530822107859372289,http://songmeanings.com/songs/view/3530822107859372289/,I'll Always Be Around [the C+C House Mic],137438999604,http://songmeanings.com/artist/view/songs/137438999604/,C+C Music Factory
3530822107858893136,http://songmeanings.com/songs/view/3530822107858893136/,Just a Touch of Love (Everyday),137438999604,http://songmeanings.com/artist/view/songs/137438999604/,C+C Music Factory
3530822107859021388,http://songmeanings.com/songs/view/3530822107859021388/,Just Wanna Chill,137438999604,http://songmeanings.com/artist/view/songs/137438999604/,C+C Music Factory
3530822107858893138,http://songmeanings.com/songs/view/3530822107858893138/,Live Happy,137438999604,http://songmeanings.com/artist/view/songs/137438999604/,C+C Music Factory
3530822107858893139,http://songmeanings.com/songs/view/3530822107858893139/,Oooh Baby,137438999604,http://songmeanings.com/artist/view/songs/137438999604/,C+C Music Factory
3530822107859021387,http://songmeanings.com/songs/view/3530822107859021387/,Share That Beat of Love,137438999604,http://songmeanings.com/artist/view/songs/137438999604/,C+C Music Factory
3530822107859052927,http://songmeanings.com/songs/view/3530822107859052927/,Take a Toke,137438999604,http://songmeanings.com/artist/view/songs/137438999604/,C+C Music Factory
3530822107859042860,http://songmeanings.com/songs/view/3530822107859042860/,Take a Toke [Robi-Rob's Jeep! Mix],137438999604,http://songmeanings.com/artist/view/songs/137438999604/,C+C Music Factory
3530822107859373456,http://songmeanings.com/songs/view/3530822107859373456/,Things That Make You Go Hmmm,137438999604,http://songmeanings.com/artist/view/songs/137438999604/,C+C Music Factory
3530822107859373457,http://songmeanings.com/songs/view/3530822107859373457/,Things That Make You Go Hmmm,137438999604,http://songmeanings.com/artist/view/songs/137438999604/,C+C Music Factory
3530822107858893135,http://songmeanings.com/songs/view/3530822107858893135/,Things That Make You Go Hmmm....,137438999604,http://songmeanings.com/artist/view/songs/137438999604/,C+C Music Factory
3530822107858957048,http://songmeanings.com/songs/view/3530822107858957048/,Things That Make You Go Hmmmm...,137438999604,http://songmeanings.com/artist/view/songs/137438999604/,C+C Music Factory
3530822107859116252,http://songmeanings.com/songs/view/3530822107859116252/,[Untitled],137438999604,http://songmeanings.com/artist/view/songs/137438999604/,C+C Music Factory
3530822107858967714,http://songmeanings.com/songs/view/3530822107858967714/,Tonight,137439004711,http://songmeanings.com/artist/view/songs/137439004711/,C-Bank
3530822107858862770,http://songmeanings.com/songs/view/3530822107858862770/,Into a Fantasy,137438997278,http://songmeanings.com/artist/view/songs/137438997278/,C-Base
3530822107858979629,http://songmeanings.com/songs/view/3530822107858979629/,So Strung Out,137439049367,http://songmeanings.com/artist/view/songs/137439049367/,C-Block
3530822107859298696,http://songmeanings.com/songs/view/3530822107859298696/,Summertime,137439049367,http://songmeanings.com/artist/view/songs/137439049367/,C-Block
3530822107859138599,http://songmeanings.com/songs/view/3530822107859138599/,All My Enemies,137439043735,http://songmeanings.com/artist/view/songs/137439043735/,C-Blunt
3530822107859053819,http://songmeanings.com/songs/view/3530822107859053819/,187 Dance,137439005745,http://songmeanings.com/artist/view/songs/137439005745/,C-BO
3530822107858995011,http://songmeanings.com/songs/view/3530822107858995011/,357,137439005745,http://songmeanings.com/artist/view/songs/137439005745/,C-BO
3530822107858995008,http://songmeanings.com/songs/view/3530822107858995008/,All I Ever Wanted,137439005745,http://songmeanings.com/artist/view/songs/137439005745/,C-BO
3530822107859093478,http://songmeanings.com/songs/view/3530822107859093478/,Bald Head Nut,137439005745,http://songmeanings.com/artist/view/songs/137439005745/,C-BO
3530822107859326823,http://songmeanings.com/songs/view/3530822107859326823/,Bang Bang,137439005745,http://songmeanings.com/artist/view/songs/137439005745/,C-BO
3530822107858995007,http://songmeanings.com/songs/view/3530822107858995007/,Big Gangsta,137439005745,http://songmeanings.com/artist/view/songs/137439005745/,C-BO
3530822107858995009,http://songmeanings.com/songs/view/3530822107858995009/,Boo Yow,137439005745,http://songmeanings.com/artist/view/songs/137439005745/,C-BO
3530822107859164462,http://songmeanings.com/songs/view/3530822107859164462/,Boo Yow!,137439005745,http://songmeanings.com/artist/view/songs/137439005745/,C-BO
3530822107859083703,http://songmeanings.com/songs/view/3530822107859083703/,Born Killaz,137439005745,http://songmeanings.com/artist/view/songs/137439005745/,C-BO
3530822107858995004,http://songmeanings.com/songs/view/3530822107858995004/,Can We All Ball,137439005745,http://songmeanings.com/artist/view/songs/137439005745/,C-BO
3530822107859232013,http://songmeanings.com/songs/view/3530822107859232013/,Deadly Game,137439005745,http://songmeanings.com/artist/view/songs/137439005745/,C-BO
3530822107859265928,http://songmeanings.com/songs/view/3530822107859265928/,Dedication,137439005745,http://songmeanings.com/artist/view/songs/137439005745/,C-BO
3530822107859164461,http://songmeanings.com/songs/view/3530822107859164461/,Desperado Outlaws,137439005745,http://songmeanings.com/artist/view/songs/137439005745/,C-BO
3530822107859083699,http://songmeanings.com/songs/view/3530822107859083699/,Enemy of the State,137439005745,http://songmeanings.com/artist/view/songs/137439005745/,C-BO
3530822107859265927,http://songmeanings.com/songs/view/3530822107859265927/,Flippin Chiccens,137439005745,http://songmeanings.com/artist/view/songs/137439005745/,C-BO
3530822107859041611,http://songmeanings.com/songs/view/3530822107859041611/,Gas Chamber,137439005745,http://songmeanings.com/artist/view/songs/137439005745/,C-BO
3530822107859083701,http://songmeanings.com/songs/view/3530822107859083701/,Get the Money,137439005745,http://songmeanings.com/artist/view/songs/137439005745/,C-BO
3530822107859190403,http://songmeanings.com/songs/view/3530822107859190403/,Ghetto Flight,137439005745,http://songmeanings.com/artist/view/songs/137439005745/,C-BO
3530822107859053793,http://songmeanings.com/songs/view/3530822107859053793/,Ghetto Flight [Featuring Pizzo],137439005745,http://songmeanings.com/artist/view/songs/137439005745/,C-BO
3530822107858995002,http://songmeanings.com/songs/view/3530822107858995002/,Hard Labor,137439005745,http://songmeanings.com/artist/view/songs/137439005745/,C-BO
3530822107859083705,http://songmeanings.com/songs/view/3530822107859083705/,"Here We Come, Boy!",137439005745,http://songmeanings.com/artist/view/songs/137439005745/,C-BO
3530822107859085483,http://songmeanings.com/songs/view/3530822107859085483/,How Many,137439005745,http://songmeanings.com/artist/view/songs/137439005745/,C-BO
3530822107859068425,http://songmeanings.com/songs/view/3530822107859068425/,Kaviealstars,137439005745,http://songmeanings.com/artist/view/songs/137439005745/,C-BO
3530822107858995000,http://songmeanings.com/songs/view/3530822107858995000/,Major Pain & Mr. Bossalini,137439005745,http://songmeanings.com/artist/view/songs/137439005745/,C-BO
3530822107858992378,http://songmeanings.com/songs/view/3530822107858992378/,Money by the Ton,137439005745,http://songmeanings.com/artist/view/songs/137439005745/,C-BO
3530822107859219468,http://songmeanings.com/songs/view/3530822107859219468/,My Life,137439005745,http://songmeanings.com/artist/view/songs/137439005745/,C-BO
3530822107859083700,http://songmeanings.com/songs/view/3530822107859083700/,Paper Made,137439005745,http://songmeanings.com/artist/view/songs/137439005745/,C-BO
3530822107858995006,http://songmeanings.com/songs/view/3530822107858995006/,Professional Ballers,137439005745,http://songmeanings.com/artist/view/songs/137439005745/,C-BO
3530822107858995003,http://songmeanings.com/songs/view/3530822107858995003/,Raised in Hell,137439005745,http://songmeanings.com/artist/view/songs/137439005745/,C-BO
3530822107858995005,http://songmeanings.com/songs/view/3530822107858995005/,Real Niggas,137439005745,http://songmeanings.com/artist/view/songs/137439005745/,C-BO
3530822107859049441,http://songmeanings.com/songs/view/3530822107859049441/,Ride,137439005745,http://songmeanings.com/artist/view/songs/137439005745/,C-BO
3530822107858994998,http://songmeanings.com/songs/view/3530822107858994998/,Ride Til' We Die,137439005745,http://songmeanings.com/artist/view/songs/137439005745/,C-BO
3530822107859058475,http://songmeanings.com/songs/view/3530822107859058475/,See Me [Instrumental],137439005745,http://songmeanings.com/artist/view/songs/137439005745/,C-BO
3530822107859083702,http://songmeanings.com/songs/view/3530822107859083702/,Spray Yourself,137439005745,http://songmeanings.com/artist/view/songs/137439005745/,C-BO
3530822107858963896,http://songmeanings.com/songs/view/3530822107858963896/,Survival 1st,137439005745,http://songmeanings.com/artist/view/songs/137439005745/,C-BO
3530822107858995010,http://songmeanings.com/songs/view/3530822107858995010/,Til My Casket Drops,137439005745,http://songmeanings.com/artist/view/songs/137439005745/,C-BO
3530822107859083704,http://songmeanings.com/songs/view/3530822107859083704/,Tycoon,137439005745,http://songmeanings.com/artist/view/songs/137439005745/,C-BO
3530822107859164769,http://songmeanings.com/songs/view/3530822107859164769/,United Ghettos of America,137439005745,http://songmeanings.com/artist/view/songs/137439005745/,C-BO
3530822107859311490,http://songmeanings.com/songs/view/3530822107859311490/,Do It Mayne [Instrumental],137439016325,http://songmeanings.com/artist/view/songs/137439016325/,C-Boi
3530822107859285429,http://songmeanings.com/songs/view/3530822107859285429/,187 Dance,137439029124,http://songmeanings.com/artist/view/songs/137439029124/,C-Bone2
3530822107859473042,http://songmeanings.com/songs/view/3530822107859473042/,Heavy Light,137439065217,http://songmeanings.com/artist/view/songs/137439065217/,C-Clamp
3530822107859473039,http://songmeanings.com/songs/view/3530822107859473039/,"In Glory, In Wire",137439065217,http://songmeanings.com/artist/view/songs/137439065217/,C-Clamp
3530822107859473041,http://songmeanings.com/songs/view/3530822107859473041/,In Tow,137439065217,http://songmeanings.com/artist/view/songs/137439065217/,C-Clamp
3530822107859473040,http://songmeanings.com/songs/view/3530822107859473040/,Land Meets Sea,137439065217,http://songmeanings.com/artist/view/songs/137439065217/,C-Clamp
3530822107859473672,http://songmeanings.com/songs/view/3530822107859473672/,Minnesota,137439065217,http://songmeanings.com/artist/view/songs/137439065217/,C-Clamp
3530822107859473673,http://songmeanings.com/songs/view/3530822107859473673/,Taste of Metal,137439065217,http://songmeanings.com/artist/view/songs/137439065217/,C-Clamp
3530822107859053698,http://songmeanings.com/songs/view/3530822107859053698/,I Cover the Waterfront,137439047733,http://songmeanings.com/artist/view/songs/137439047733/,C-Jam All Stars
3530822107859053699,http://songmeanings.com/songs/view/3530822107859053699/,It Don't Mean a Thing (If It Ain't Got That Swing),137439047733,http://songmeanings.com/artist/view/songs/137439047733/,C-Jam All Stars
3530822107859070382,http://songmeanings.com/songs/view/3530822107859070382/,A Song for Assata,137439023830,http://songmeanings.com/artist/view/songs/137439023830/,C-Lo
3530822107859294979,http://songmeanings.com/songs/view/3530822107859294979/,All Day Love Affair,137439023830,http://songmeanings.com/artist/view/songs/137439023830/,C-Lo
3530822107859135931,http://songmeanings.com/songs/view/3530822107859135931/,All I Know,137439023830,http://songmeanings.com/artist/view/songs/137439023830/,C-Lo
3530822107859356377,http://songmeanings.com/songs/view/3530822107859356377/,Be By Myself,137439023830,http://songmeanings.com/artist/view/songs/137439023830/,C-Lo
3530822107859356380,http://songmeanings.com/songs/view/3530822107859356380/,Be by Myself,137439023830,http://songmeanings.com/artist/view/songs/137439023830/,C-Lo
3530822107859356383,http://songmeanings.com/songs/view/3530822107859356383/,Be by Myself,137439023830,http://songmeanings.com/artist/view/songs/137439023830/,C-Lo
3530822107859258456,http://songmeanings.com/songs/view/3530822107859258456/,Benzie Box,137439023830,http://songmeanings.com/artist/view/songs/137439023830/,C-Lo
3530822107859168988,http://songmeanings.com/songs/view/3530822107859168988/,"Between Me, You and Liberation",137439023830,http://songmeanings.com/artist/view/songs/137439023830/,C-Lo
3530822107859287031,http://songmeanings.com/songs/view/3530822107859287031/,Childz Play,137439023830,http://songmeanings.com/artist/view/songs/137439023830/,C-Lo
3530822107859294980,http://songmeanings.com/songs/view/3530822107859294980/,Die Trying,137439023830,http://songmeanings.com/artist/view/songs/137439023830/,C-Lo
3530822107859287030,http://songmeanings.com/songs/view/3530822107859287030/,Evening News,137439023830,http://songmeanings.com/artist/view/songs/137439023830/,C-Lo
3530822107859015751,http://songmeanings.com/songs/view/3530822107859015751/,G.O.D. (Gaining One's Definition),137439023830,http://songmeanings.com/artist/view/songs/137439023830/,C-Lo
3530822107859203614,http://songmeanings.com/songs/view/3530822107859203614/,Hope,137439023830,http://songmeanings.com/artist/view/songs/137439023830/,C-Lo
3530822107859294978,http://songmeanings.com/songs/view/3530822107859294978/,I Am Selling Soul,137439023830,http://songmeanings.com/artist/view/songs/137439023830/,C-Lo
3530822107859287029,http://songmeanings.com/songs/view/3530822107859287029/,I'll Be Around,137439023830,http://songmeanings.com/artist/view/songs/137439023830/,C-Lo
3530822107859290639,http://songmeanings.com/songs/view/3530822107859290639/,Lil Star,137439023830,http://songmeanings.com/artist/view/songs/137439023830/,C-Lo
3530822107859303552,http://songmeanings.com/songs/view/3530822107859303552/,Lil Star [Multimedia Track],137439023830,http://songmeanings.com/artist/view/songs/137439023830/,C-Lo
3530822107859344036,http://songmeanings.com/songs/view/3530822107859344036/,Make My Day,137439023830,http://songmeanings.com/artist/view/songs/137439023830/,C-Lo
3530822107859344143,http://songmeanings.com/songs/view/3530822107859344143/,Make My Day,137439023830,http://songmeanings.com/artist/view/songs/137439023830/,C-Lo
3530822107859200521,http://songmeanings.com/songs/view/3530822107859200521/,Moment in Life,137439023830,http://songmeanings.com/artist/view/songs/137439023830/,C-Lo
3530822107859338438,http://songmeanings.com/songs/view/3530822107859338438/,Pretty Please (Love Me),137439023830,http://songmeanings.com/artist/view/songs/137439023830/,C-Lo
3530822107859314458,http://songmeanings.com/songs/view/3530822107859314458/,Say Say,137439023830,http://songmeanings.com/artist/view/songs/137439023830/,C-Lo
3530822107859294977,http://songmeanings.com/songs/view/3530822107859294977/,Soul Machine,137439023830,http://songmeanings.com/artist/view/songs/137439023830/,C-Lo
3530822107859297665,http://songmeanings.com/songs/view/3530822107859297665/,Sugar (Gimme Some),137439023830,http://songmeanings.com/artist/view/songs/137439023830/,C-Lo
3530822107859287032,http://songmeanings.com/songs/view/3530822107859287032/,The One,137439023830,http://songmeanings.com/artist/view/songs/137439023830/,C-Lo
3530822107859256051,http://songmeanings.com/songs/view/3530822107859256051/,Walk This Way,137439023830,http://songmeanings.com/artist/view/songs/137439023830/,C-Lo
3530822107859410748,http://songmeanings.com/songs/view/3530822107859410748/,You Know,137439023830,http://songmeanings.com/artist/view/songs/137439023830/,C-Lo
3530822107859023420,http://songmeanings.com/songs/view/3530822107859023420/,Get Yours,137439004390,http://songmeanings.com/artist/view/songs/137439004390/,C-Loc
3530822107859268676,http://songmeanings.com/songs/view/3530822107859268676/,On Your Own,137439004390,http://songmeanings.com/artist/view/songs/137439004390/,C-Loc
3530822107859009153,http://songmeanings.com/songs/view/3530822107859009153/,Outside My Life,137439004390,http://songmeanings.com/artist/view/songs/137439004390/,C-Loc
3530822107858745429,http://songmeanings.com/songs/view/3530822107858745429/,Eyes On The Road,137438976738,http://songmeanings.com/artist/view/songs/137438976738/,C-Mon & Kypski
3530822107858745428,http://songmeanings.com/songs/view/3530822107858745428/,Make My Day,137438976738,http://songmeanings.com/artist/view/songs/137438976738/,C-Mon & Kypski
3530822107859014140,http://songmeanings.com/songs/view/3530822107859014140/,2nd Chance,137439006081,http://songmeanings.com/artist/view/songs/137439006081/,C-Murder
3530822107859067387,http://songmeanings.com/songs/view/3530822107859067387/,Been a Long Time,137439006081,http://songmeanings.com/artist/view/songs/137439006081/,C-Murder
3530822107859067971,http://songmeanings.com/songs/view/3530822107859067971/,Big Mouth,137439006081,http://songmeanings.com/artist/view/songs/137439006081/,C-Murder
3530822107859015560,http://songmeanings.com/songs/view/3530822107859015560/,Childhood Years,137439006081,http://songmeanings.com/artist/view/songs/137439006081/,C-Murder
3530822107859049001,http://songmeanings.com/songs/view/3530822107859049001/,Club Thang,137439006081,http://songmeanings.com/artist/view/songs/137439006081/,C-Murder
3530822107859012807,http://songmeanings.com/songs/view/3530822107859012807/,Depend on Me,137439006081,http://songmeanings.com/artist/view/songs/137439006081/,C-Murder
3530822107859049000,http://songmeanings.com/songs/view/3530822107859049000/,Do You Really Want Peace,137439006081,http://songmeanings.com/artist/view/songs/137439006081/,C-Murder
3530822107859040247,http://songmeanings.com/songs/view/3530822107859040247/,Don't Fuck with Tru,137439006081,http://songmeanings.com/artist/view/songs/137439006081/,C-Murder
3530822107859132613,http://songmeanings.com/songs/view/3530822107859132613/,Don't Matter,137439006081,http://songmeanings.com/artist/view/songs/137439006081/,C-Murder
3530822107859014141,http://songmeanings.com/songs/view/3530822107859014141/,Don't Play No Games,137439006081,http://songmeanings.com/artist/view/songs/137439006081/,C-Murder
3530822107859030959,http://songmeanings.com/songs/view/3530822107859030959/,Don't Wanna Be Alone,137439006081,http://songmeanings.com/artist/view/songs/137439006081/,C-Murder
3530822107859119470,http://songmeanings.com/songs/view/3530822107859119470/,Down 4 My N's,137439006081,http://songmeanings.com/artist/view/songs/137439006081/,C-Murder
3530822107859099420,http://songmeanings.com/songs/view/3530822107859099420/,Duck & Run,137439006081,http://songmeanings.com/artist/view/songs/137439006081/,C-Murder
3530822107858964874,http://songmeanings.com/songs/view/3530822107858964874/,Eyes of a Killa,137439006081,http://songmeanings.com/artist/view/songs/137439006081/,C-Murder
3530822107859001194,http://songmeanings.com/songs/view/3530822107859001194/,Feel My Pain,137439006081,http://songmeanings.com/artist/view/songs/137439006081/,C-Murder
3530822107859088604,http://songmeanings.com/songs/view/3530822107859088604/,Forever Tru,137439006081,http://songmeanings.com/artist/view/songs/137439006081/,C-Murder
3530822107859088725,http://songmeanings.com/songs/view/3530822107859088725/,Forever Tru,137439006081,http://songmeanings.com/artist/view/songs/137439006081/,C-Murder
3530822107859030954,http://songmeanings.com/songs/view/3530822107859030954/,Freedom,137439006081,http://songmeanings.com/artist/view/songs/137439006081/,C-Murder
3530822107859001192,http://songmeanings.com/songs/view/3530822107859001192/,Get N Paid,137439006081,http://songmeanings.com/artist/view/songs/137439006081/,C-Murder
3530822107859040244,http://songmeanings.com/songs/view/3530822107859040244/,Hail Mary,137439006081,http://songmeanings.com/artist/view/songs/137439006081/,C-Murder
3530822107859012814,http://songmeanings.com/songs/view/3530822107859012814/,Hard Times,137439006081,http://songmeanings.com/artist/view/songs/137439006081/,C-Murder
3530822107859088610,http://songmeanings.com/songs/view/3530822107859088610/,Interlude,137439006081,http://songmeanings.com/artist/view/songs/137439006081/,C-Murder
3530822107859088727,http://songmeanings.com/songs/view/3530822107859088727/,Interlude,137439006081,http://songmeanings.com/artist/view/songs/137439006081/,C-Murder
3530822107859107733,http://songmeanings.com/songs/view/3530822107859107733/,Keep It Real,137439006081,http://songmeanings.com/artist/view/songs/137439006081/,C-Murder
3530822107859132612,http://songmeanings.com/songs/view/3530822107859132612/,Let Me See,137439006081,http://songmeanings.com/artist/view/songs/137439006081/,C-Murder
3530822107859001197,http://songmeanings.com/songs/view/3530822107859001197/,Life or Death,137439006081,http://songmeanings.com/artist/view/songs/137439006081/,C-Murder
3530822107859030947,http://songmeanings.com/songs/view/3530822107859030947/,Like a Jungle,137439006081,http://songmeanings.com/artist/view/songs/137439006081/,C-Murder
3530822107859030952,http://songmeanings.com/songs/view/3530822107859030952/,Lord Help Us,137439006081,http://songmeanings.com/artist/view/songs/137439006081/,C-Murder
3530822107859012811,http://songmeanings.com/songs/view/3530822107859012811/,Money Don't Make Me,137439006081,http://songmeanings.com/artist/view/songs/137439006081/,C-Murder
3530822107859030955,http://songmeanings.com/songs/view/3530822107859030955/,Murder and Daz,137439006081,http://songmeanings.com/artist/view/songs/137439006081/,C-Murder
3530822107859030953,http://songmeanings.com/songs/view/3530822107859030953/,On My Enemies,137439006081,http://songmeanings.com/artist/view/songs/137439006081/,C-Murder
3530822107859001191,http://songmeanings.com/songs/view/3530822107859001191/,On the Run,137439006081,http://songmeanings.com/artist/view/songs/137439006081/,C-Murder
3530822107859257323,http://songmeanings.com/songs/view/3530822107859257323/,Picture Me,137439006081,http://songmeanings.com/artist/view/songs/137439006081/,C-Murder
3530822107859088607,http://songmeanings.com/songs/view/3530822107859088607/,Ride,137439006081,http://songmeanings.com/artist/view/songs/137439006081/,C-Murder
3530822107859030961,http://songmeanings.com/songs/view/3530822107859030961/,Ride on Dem Bustas,137439006081,http://songmeanings.com/artist/view/songs/137439006081/,C-Murder
3530822107859001198,http://songmeanings.com/songs/view/3530822107859001198/,Riders,137439006081,http://songmeanings.com/artist/view/songs/137439006081/,C-Murder
3530822107859079409,http://songmeanings.com/songs/view/3530822107859079409/,Soldiers,137439006081,http://songmeanings.com/artist/view/songs/137439006081/,C-Murder
3530822107859415928,http://songmeanings.com/songs/view/3530822107859415928/,That Ain't Right,137439006081,http://songmeanings.com/artist/view/songs/137439006081/,C-Murder
3530822107859088609,http://songmeanings.com/songs/view/3530822107859088609/,That Calliope,137439006081,http://songmeanings.com/artist/view/songs/137439006081/,C-Murder
3530822107859132615,http://songmeanings.com/songs/view/3530822107859132615/,That's Me,137439006081,http://songmeanings.com/artist/view/songs/137439006081/,C-Murder
3530822107859352098,http://songmeanings.com/songs/view/3530822107859352098/,This or That,137439006081,http://songmeanings.com/artist/view/songs/137439006081/,C-Murder
3530822107859147617,http://songmeanings.com/songs/view/3530822107859147617/,This or That?,137439006081,http://songmeanings.com/artist/view/songs/137439006081/,C-Murder
3530822107859132616,http://songmeanings.com/songs/view/3530822107859132616/,Thug Boy,137439006081,http://songmeanings.com/artist/view/songs/137439006081/,C-Murder
3530822107859128761,http://songmeanings.com/songs/view/3530822107859128761/,Watch the Police,137439006081,http://songmeanings.com/artist/view/songs/137439006081/,C-Murder
3530822107859384132,http://songmeanings.com/songs/view/3530822107859384132/,Where Do We Go,137439006081,http://songmeanings.com/artist/view/songs/137439006081/,C-Murder
3530822107859000913,http://songmeanings.com/songs/view/3530822107859000913/,Would You Hesitate,137439006081,http://songmeanings.com/artist/view/songs/137439006081/,C-Murder
3530822107859132614,http://songmeanings.com/songs/view/3530822107859132614/,Ya Dig,137439006081,http://songmeanings.com/artist/view/songs/137439006081/,C-Murder
3530822107859101053,http://songmeanings.com/songs/view/3530822107859101053/,What's Going On,137439009079,http://songmeanings.com/artist/view/songs/137439009079/,C-Nario
3530822107859101054,http://songmeanings.com/songs/view/3530822107859101054/,What's Going On [No Rap Version],137439009079,http://songmeanings.com/artist/view/songs/137439009079/,C-Nario
3530822107859101102,http://songmeanings.com/songs/view/3530822107859101102/,Candycars,137439007044,http://songmeanings.com/artist/view/songs/137439007044/,C-Note
3530822107859136573,http://songmeanings.com/songs/view/3530822107859136573/,Girl,137439007044,http://songmeanings.com/artist/view/songs/137439007044/,C-Note
3530822107859034168,http://songmeanings.com/songs/view/3530822107859034168/,Intro,137439007044,http://songmeanings.com/artist/view/songs/137439007044/,C-Note
3530822107859221262,http://songmeanings.com/songs/view/3530822107859221262/,My Band,137439007044,http://songmeanings.com/artist/view/songs/137439007044/,C-Note
3530822107859188899,http://songmeanings.com/songs/view/3530822107859188899/,Right or Wrong,137439007044,http://songmeanings.com/artist/view/songs/137439007044/,C-Note
3530822107859158060,http://songmeanings.com/songs/view/3530822107859158060/,What Ya'll Wanna Do,137439007044,http://songmeanings.com/artist/view/songs/137439007044/,C-Note
3530822107859158074,http://songmeanings.com/songs/view/3530822107859158074/,What Ya'll Wanna Do,137439007044,http://songmeanings.com/artist/view/songs/137439007044/,C-Note
146712,http://songmeanings.com/songs/view/146712/,Falling In love again,14768,http://songmeanings.com/artist/view/songs/14768/,C-Quence
146713,http://songmeanings.com/songs/view/146713/,Our love is for real,14768,http://songmeanings.com/artist/view/songs/14768/,C-Quence
3530822107858687268,http://songmeanings.com/songs/view/3530822107858687268/,'86,137438970179,http://songmeanings.com/artist/view/songs/137438970179/,C-Rayz Walz
3530822107858687271,http://songmeanings.com/songs/view/3530822107858687271/,3 Card Molly,137438970179,http://songmeanings.com/artist/view/songs/137438970179/,C-Rayz Walz
3530822107858687272,http://songmeanings.com/songs/view/3530822107858687272/,Battle Me,137438970179,http://songmeanings.com/artist/view/songs/137438970179/,C-Rayz Walz
3530822107859189366,http://songmeanings.com/songs/view/3530822107859189366/,Camouflage,137438970179,http://songmeanings.com/artist/view/songs/137438970179/,C-Rayz Walz
3530822107859189365,http://songmeanings.com/songs/view/3530822107859189365/,Dead Buffalos,137438970179,http://songmeanings.com/artist/view/songs/137438970179/,C-Rayz Walz
3530822107858687278,http://songmeanings.com/songs/view/3530822107858687278/,Floe,137438970179,http://songmeanings.com/artist/view/songs/137438970179/,C-Rayz Walz
3530822107858687273,http://songmeanings.com/songs/view/3530822107858687273/,Guns and Butter,137438970179,http://songmeanings.com/artist/view/songs/137438970179/,C-Rayz Walz
3530822107859207468,http://songmeanings.com/songs/view/3530822107859207468/,Jello,137438970179,http://songmeanings.com/artist/view/songs/137438970179/,C-Rayz Walz
3530822107858687274,http://songmeanings.com/songs/view/3530822107858687274/,Protect My Family,137438970179,http://songmeanings.com/artist/view/songs/137438970179/,C-Rayz Walz
3530822107859189363,http://songmeanings.com/songs/view/3530822107859189363/,The Essence,137438970179,http://songmeanings.com/artist/view/songs/137438970179/,C-Rayz Walz
3530822107858687276,http://songmeanings.com/songs/view/3530822107858687276/,We Live,137438970179,http://songmeanings.com/artist/view/songs/137438970179/,C-Rayz Walz
3530822107859189364,http://songmeanings.com/songs/view/3530822107859189364/,Yeah,137438970179,http://songmeanings.com/artist/view/songs/137438970179/,C-Rayz Walz
3530822107858708058,http://songmeanings.com/songs/view/3530822107858708058/,Boyfriend/Girlfriend,137438979981,http://songmeanings.com/artist/view/songs/137438979981/,C-side
3530822107859333597,http://songmeanings.com/songs/view/3530822107859333597/,Depend on U [Instrumental],137439017209,http://songmeanings.com/artist/view/songs/137439017209/,C-Smoove
3458764513820561048,http://songmeanings.com/songs/view/3458764513820561048/,Being Nothing,16870,http://songmeanings.com/artist/view/songs/16870/,C-Tec
3458764513820561054,http://songmeanings.com/songs/view/3458764513820561054/,Brutal,16870,http://songmeanings.com/artist/view/songs/16870/,C-Tec
3458764513820561052,http://songmeanings.com/songs/view/3458764513820561052/,Chosen,16870,http://songmeanings.com/artist/view/songs/16870/,C-Tec
3458764513820561056,http://songmeanings.com/songs/view/3458764513820561056/,Epitaph,16870,http://songmeanings.com/artist/view/songs/16870/,C-Tec
3458764513820561059,http://songmeanings.com/songs/view/3458764513820561059/,Flowing,16870,http://songmeanings.com/artist/view/songs/16870/,C-Tec
3458764513820561065,http://songmeanings.com/songs/view/3458764513820561065/,Fœtal,16870,http://songmeanings.com/artist/view/songs/16870/,C-Tec
3458764513820561073,http://songmeanings.com/songs/view/3458764513820561073/,Human,16870,http://songmeanings.com/artist/view/songs/16870/,C-Tec
3458764513820561084,http://songmeanings.com/songs/view/3458764513820561084/,I Die Tomorrow,16870,http://songmeanings.com/artist/view/songs/16870/,C-Tec
3458764513820561091,http://songmeanings.com/songs/view/3458764513820561091/,Let Your Body Die,16870,http://songmeanings.com/artist/view/songs/16870/,C-Tec
3458764513820561098,http://songmeanings.com/songs/view/3458764513820561098/,Radiance,16870,http://songmeanings.com/artist/view/songs/16870/,C-Tec
3458764513820561099,http://songmeanings.com/songs/view/3458764513820561099/,Random,16870,http://songmeanings.com/artist/view/songs/16870/,C-Tec
3458764513820561111,http://songmeanings.com/songs/view/3458764513820561111/,She Left,16870,http://songmeanings.com/artist/view/songs/16870/,C-Tec
3458764513820561117,http://songmeanings.com/songs/view/3458764513820561117/,She Left [ French Version ],16870,http://songmeanings.com/artist/view/songs/16870/,C-Tec
3458764513820561120,http://songmeanings.com/songs/view/3458764513820561120/,Shift IV,16870,http://songmeanings.com/artist/view/songs/16870/,C-Tec
3458764513820561123,http://songmeanings.com/songs/view/3458764513820561123/,Silent Voices,16870,http://songmeanings.com/artist/view/songs/16870/,C-Tec
3458764513820561125,http://songmeanings.com/songs/view/3458764513820561125/,The Lost,16870,http://songmeanings.com/artist/view/songs/16870/,C-Tec
3530822107859232539,http://songmeanings.com/songs/view/3530822107859232539/,Come Sunday,137439012980,http://songmeanings.com/artist/view/songs/137439012980/,C. Anthony Bush
103985,http://songmeanings.com/songs/view/103985/,Go Ahead (severe blues tune),11407,http://songmeanings.com/artist/view/songs/11407/,C. Bacigalupi
3530822107859170448,http://songmeanings.com/songs/view/3530822107859170448/,Someone to Watch over Me,137438974687,http://songmeanings.com/artist/view/songs/137438974687/,C. Basinet
3530822107859244038,http://songmeanings.com/songs/view/3530822107859244038/,"Hey, Hey",137439057518,http://songmeanings.com/artist/view/songs/137439057518/,C. Edward Miller
3530822107859244039,http://songmeanings.com/songs/view/3530822107859244039/,Smiles,137439057518,http://songmeanings.com/artist/view/songs/137439057518/,C. Edward Miller
3530822107859243756,http://songmeanings.com/songs/view/3530822107859243756/,Happy,137439057390,http://songmeanings.com/artist/view/songs/137439057390/,C. Jane Run
52106,http://songmeanings.com/songs/view/52106/,Bay-bay 26.38,7317,http://songmeanings.com/artist/view/songs/7317/,C. Jerome
52107,http://songmeanings.com/songs/view/52107/,Et Tu Danses Avec Lui,7317,http://songmeanings.com/artist/view/songs/7317/,C. Jerome
52109,http://songmeanings.com/songs/view/52109/,Himalaya,7317,http://songmeanings.com/artist/view/songs/7317/,C. Jerome
52111,http://songmeanings.com/songs/view/52111/,Jérôme C'est Moi,7317,http://songmeanings.com/artist/view/songs/7317/,C. Jerome
52112,http://songmeanings.com/songs/view/52112/,Kiss Me,7317,http://songmeanings.com/artist/view/songs/7317/,C. Jerome
52116,http://songmeanings.com/songs/view/52116/,La Petite Fille 73,7317,http://songmeanings.com/artist/view/songs/7317/,C. Jerome
52113,http://songmeanings.com/songs/view/52113/,Manhattan,7317,http://songmeanings.com/artist/view/songs/7317/,C. Jerome
52114,http://songmeanings.com/songs/view/52114/,Nancy,7317,http://songmeanings.com/artist/view/songs/7317/,C. Jerome
52117,http://songmeanings.com/songs/view/52117/,Quand La Mer Se Retire,7317,http://songmeanings.com/artist/view/songs/7317/,C. Jerome
3530822107859093915,http://songmeanings.com/songs/view/3530822107859093915/,What's Your Fantasy,137439020932,http://songmeanings.com/artist/view/songs/137439020932/,C. Shawna
3530822107859093925,http://songmeanings.com/songs/view/3530822107859093925/,What's Your Fantasy,137439020932,http://songmeanings.com/artist/view/songs/137439020932/,C. Shawna
3530822107859093929,http://songmeanings.com/songs/view/3530822107859093929/,What's Your Fantasy [Remix],137439020932,http://songmeanings.com/artist/view/songs/137439020932/,C. Shawna
3530822107859093921,http://songmeanings.com/songs/view/3530822107859093921/,What's Your Fantasy [Remix][Mix],137439020932,http://songmeanings.com/artist/view/songs/137439020932/,C. Shawna
